run,label,mainline,step,max_step,progress,entropy,kl,reward,clip_fraction,grad_norm
repl_03,repl03,1,1,200,0.005,0.6779767274856567,0.0,0.021132703870534897,0.0,0.06883525103330612
repl_03,repl03,1,2,200,0.01,0.6888481974601746,0.000873156706802547,,0.0009500059532001615,0.03948487341403961
repl_03,repl03,1,3,200,0.015,0.6623356938362122,0.0008960284176282585,,0.001185089466162026,0.07991525530815125
repl_03,repl03,1,4,200,0.02,0.6687243580818176,0.0009692846215330064,,0.0021008404437452555,0.09850665181875229
repl_03,repl03,1,5,200,0.025,0.6545154452323914,0.0008731092675589025,,0.0012564249336719513,0.0543365515768528
repl_03,repl03,1,6,200,0.03,0.6778463125228882,0.001002779696136713,,0.002571843797340989,0.06310804933309555
repl_03,repl03,1,7,200,0.035,0.6348530054092407,0.0008834634791128337,0.051167942583560944,0.0007877559983171523,0.05542602017521858
repl_03,repl03,1,8,200,0.04,0.6471697092056274,0.0010105740511789918,,0.0008303677313961089,0.048201464116573334
repl_03,repl03,1,9,200,0.045,0.6403007507324219,0.0010138648794963956,,0.0009724788251332939,0.04278694838285446
repl_03,repl03,1,10,200,0.05,0.6226503252983093,0.0010722157312557101,,0.0010796545539051294,0.05128078907728195
repl_03,repl03,1,11,200,0.055,0.6665232181549072,0.0011776462197303772,,0.001295936293900013,0.06115862354636192
repl_03,repl03,1,12,200,0.06,0.6327390670776367,0.0013508496340364218,,0.0024042741861194372,0.08004079759120941
repl_03,repl03,1,13,200,0.065,0.6521274447441101,0.0015433570370078087,0.03815491497516632,0.0009990917751565576,0.05563626438379288
repl_03,repl03,1,14,200,0.07,0.6524494886398315,0.0017843225505203009,,0.0012281530071049929,0.057081740349531174
repl_03,repl03,1,15,200,0.075,0.6757460832595825,0.0013912901049479842,,0.0007503752131015062,0.04895254969596863
repl_03,repl03,1,16,200,0.08,0.6869204044342041,0.0016132347518578172,,0.0021628497634083033,0.04981359839439392
repl_03,repl03,1,17,200,0.085,0.644422173500061,0.0015698842471465468,,0.001376597792841494,0.0539916567504406
repl_03,repl03,1,18,200,0.09,0.6565732955932617,0.00206358777359128,,0.0022280344273895025,0.05634474381804466
repl_03,repl03,1,19,200,0.095,0.6541906595230103,0.0017539142863824964,0.030083682388067245,0.0016300803981721401,0.0443442165851593
repl_03,repl03,1,20,200,0.1,0.6717303395271301,0.001550260465592146,,0.0003334074281156063,0.04234966263175011
repl_03,repl03,1,21,200,0.105,0.6628406643867493,0.0017873008036985993,,0.0008341829525306821,0.06403779983520508
repl_03,repl03,1,22,200,0.11,0.6523135900497437,0.0018271348671987653,,0.0012389211915433407,0.05907405912876129
repl_03,repl03,1,23,200,0.115,0.6401953101158142,0.0018423927249386907,,0.0015053763054311275,0.06316769123077393
repl_03,repl03,1,24,200,0.12,0.6603105664253235,0.0018898936687037349,,0.0014755958691239357,0.04269137978553772
repl_03,repl03,1,25,200,0.125,0.6235220432281494,0.0018203577492386103,0.04499392956495285,0.0006355259101837873,0.04999890550971031
repl_03,repl03,1,26,200,0.13,0.6348735690116882,0.002088524866849184,,0.0014059047680348158,0.051578037440776825
repl_03,repl03,1,27,200,0.135,0.6120135188102722,0.002010574797168374,,0.0015789993340149522,0.06542211025953293
repl_03,repl03,1,28,200,0.14,0.6878962516784668,0.002333295065909624,,0.0007613971829414368,0.0435432493686676
repl_03,repl03,1,29,200,0.145,0.6523258090019226,0.002446916885674,,0.001793007249943912,0.05385671555995941
repl_03,repl03,1,30,200,0.15,0.6495933532714844,0.002684065606445074,,0.0023512388579547405,0.05199321359395981
repl_03,repl03,1,31,200,0.155,0.6357331275939941,0.002621905878186226,0.032770782709121704,0.0011703276541084051,0.04550367221236229
repl_03,repl03,1,32,200,0.16,0.6660494804382324,0.0026661809533834457,,0.0010469012195244431,0.05274799466133118
repl_03,repl03,1,33,200,0.165,0.6307172179222107,0.002856205916032195,,0.001471129129640758,0.047391973435878754
repl_03,repl03,1,34,200,0.17,0.6455197334289551,0.002984474180266261,,0.000767901714425534,0.04418320953845978
repl_03,repl03,1,35,200,0.175,0.6404576897621155,0.00306504312902689,,0.0008123476873151958,0.043067943304777145
repl_03,repl03,1,36,200,0.18,0.6383807063102722,0.0037254956550896168,,0.0021619824692606926,0.06112217530608177
repl_03,repl03,1,37,200,0.185,0.6871151328086853,0.003559733973816037,0.02220069244503975,0.0012778810923919082,0.07151731103658676
repl_03,repl03,1,38,200,0.19,0.6687968373298645,0.003691995982080698,,0.0009386733290739357,0.06245844066143036
repl_03,repl03,1,39,200,0.195,0.6721154451370239,0.0038977607619017363,,0.0008279002504423261,0.0506168007850647
repl_03,repl03,1,40,200,0.2,0.6429859399795532,0.003736091312021017,,0.0010560676455497742,0.052011340856552124
repl_03,repl03,1,41,200,0.205,0.6402462720870972,0.004355373792350292,,0.0010195570066571236,0.06156209483742714
repl_03,repl03,1,42,200,0.21,0.6238673329353333,0.004878503270447254,,0.0017702247714623809,0.08593935519456863
repl_03,repl03,1,43,200,0.215,0.6845548152923584,0.004530278965830803,0.033497072756290436,0.0008099039550870657,0.061119869351387024
repl_03,repl03,1,44,200,0.22,0.6662703156471252,0.00540486816316843,,0.0008039392996579409,0.047549400478601456
repl_03,repl03,1,45,200,0.225,0.6221237182617188,0.005678746849298477,,0.0016915954183787107,0.05463939160108566
repl_03,repl03,1,46,200,0.23,0.6677840948104858,0.005900577642023563,,0.0026372799184173346,0.05581699684262276
repl_03,repl03,1,47,200,0.235,0.6654399633407593,0.005582903511822224,,0.0017187052872031927,0.06375039368867874
repl_03,repl03,1,48,200,0.24,0.6471017003059387,0.00597567530348897,,0.0014754702569916844,0.04251634702086449
repl_03,repl03,1,49,200,0.245,0.6665295958518982,0.006398166995495558,0.024156082421541214,0.0015262806555256248,0.061488304287195206
repl_03,repl03,1,50,200,0.25,0.6906949877738953,0.006008976139128208,,0.0007721013971604407,0.04545478895306587
repl_03,repl03,1,51,200,0.255,0.657577633857727,0.006346588954329491,,0.001293789828196168,0.059403110295534134
repl_03,repl03,1,52,200,0.26,0.6679912209510803,0.0065509541891515255,,0.001481650280766189,0.05179566144943237
repl_03,repl03,1,53,200,0.265,0.6791602969169617,0.006800118368119001,,0.0007825600914657116,0.062041331082582474
repl_03,repl03,1,54,200,0.27,0.6611244678497314,0.007130805402994156,,0.0012148397509008646,0.08645525574684143
repl_03,repl03,1,55,200,0.275,0.6196191310882568,0.006007251795381308,0.03463732823729515,0.0015238740015774965,0.04926684871315956
repl_03,repl03,1,56,200,0.28,0.6592956781387329,0.0066604758612811565,,0.001819008612073958,0.039674531668424606
repl_03,repl03,1,57,200,0.285,0.6279124021530151,0.006527216639369726,,0.0015291981399059296,0.06529223173856735
repl_03,repl03,1,58,200,0.29,0.621086835861206,0.006606957875192165,,0.0022301948629319668,0.05585038661956787
repl_03,repl03,1,59,200,0.295,0.6678929924964905,0.006390048656612635,,0.0024120602756738663,0.03648442402482033
repl_03,repl03,1,60,200,0.3,0.6124745607376099,0.0058814953081309795,,0.001092245103791356,0.06657114624977112
repl_03,repl03,1,61,200,0.305,0.6417694091796875,0.006228528451174498,0.022914934903383255,0.0008620689623057842,0.054197847843170166
repl_03,repl03,1,62,200,0.31,0.6630652546882629,0.0060971020720899105,,0.0012141589540988207,0.05205013230443001
repl_03,repl03,1,63,200,0.315,0.6551861763000488,0.006149752531200647,,0.00048818590585142374,0.03275437653064728
repl_03,repl03,1,64,200,0.32,0.6397837996482849,0.005852920934557915,,0.0009373047505505383,0.04643118754029274
repl_03,repl03,1,65,200,0.325,0.6259526014328003,0.005541713908314705,,0.001184510299935937,0.06171887367963791
repl_03,repl03,1,66,200,0.33,0.6565412282943726,0.006044049747288227,,0.0015165876829996705,0.031787727028131485
repl_03,repl03,1,67,200,0.335,0.6714513897895813,0.007267489098012447,0.05628328025341034,0.001538303797133267,0.039001528173685074
repl_03,repl03,1,68,200,0.34,0.6939985752105713,0.006885651499032974,,0.0007720020366832614,0.05168934911489487
repl_03,repl03,1,69,200,0.345,0.6429573893547058,0.006782124750316143,,0.0014109679032117128,0.10370951890945435
repl_03,repl03,1,70,200,0.35,0.6305135488510132,0.005999977700412273,,0.001888772239908576,0.059477780014276505
repl_03,repl03,1,71,200,0.355,0.6290595531463623,0.00669616274535656,,0.0014104372821748257,0.058924350887537
repl_03,repl03,1,72,200,0.36,0.7189075946807861,0.006919654551893473,,0.0018954778788611293,0.05027221888303757
repl_03,repl03,1,73,200,0.365,0.6898372769355774,0.007779326289892197,0.009891364723443985,0.00011785503738792613,0.059732161462306976
repl_03,repl03,1,74,200,0.37,0.689193069934845,0.007417188957333565,,0.0010851871920749545,0.06451313942670822
repl_03,repl03,1,75,200,0.375,0.6818018555641174,0.006795122288167477,,0.0006034274701960385,0.07473652809858322
repl_03,repl03,1,76,200,0.38,0.6806756854057312,0.007110479287803173,,0.001119946246035397,0.05971795320510864
repl_03,repl03,1,77,200,0.385,0.7013025283813477,0.008208027109503746,,0.0016558119095861912,0.0755099207162857
repl_03,repl03,1,78,200,0.39,0.6976334452629089,0.006826403085142374,,0.001078516012057662,0.05436219647526741
repl_03,repl03,1,79,200,0.395,0.6339371204376221,0.006118341349065304,0.016455916687846184,0.0015926550840958953,0.0564747154712677
repl_03,repl03,1,80,200,0.4,0.6500144600868225,0.006999662611633539,,0.0013073210138827562,0.03561268746852875
repl_03,repl03,1,81,200,0.405,0.6717247366905212,0.007351644802838564,,0.000418191310018301,0.058118533343076706
repl_03,repl03,1,82,200,0.41,0.6411505937576294,0.007048990111798048,,0.0014939309330657125,0.057300470769405365
repl_03,repl03,1,83,200,0.415,0.693056046962738,0.0073804426938295364,,0.0012670829892158508,0.0931319072842598
repl_03,repl03,1,84,200,0.42,0.6823439002037048,0.007628959137946367,,0.0011210762895643711,0.05053044110536575
repl_03,repl03,1,85,200,0.425,0.6215232014656067,0.007579518016427755,0.012489541433751583,0.0009280263911932707,0.04480903223156929
repl_03,repl03,1,86,200,0.43,0.6726015210151672,0.007446330972015858,,0.0005695409490726888,0.04411480203270912
repl_03,repl03,1,87,200,0.435,0.5989996194839478,0.007709566969424486,,0.0008454872295260429,0.035781312733888626
repl_03,repl03,1,88,200,0.44,0.6601182222366333,0.007383505813777447,,0.0016334149986505508,0.06239016354084015
repl_03,repl03,1,89,200,0.445,0.6221837401390076,0.007838111370801926,,0.0019769014324992895,0.042166173458099365
repl_03,repl03,1,90,200,0.45,0.6439038515090942,0.008492749184370041,,0.0009575486765243113,0.04997996240854263
repl_03,repl03,1,91,200,0.455,0.6298220753669739,0.008165054954588413,0.029804330319166183,0.0014470169553533196,0.06023598089814186
repl_03,repl03,1,92,200,0.46,0.6142458319664001,0.0078338123857975,,0.002099160337820649,0.04336540400981903
repl_03,repl03,1,93,200,0.465,0.6538153886795044,0.00873946025967598,,0.001952003687620163,0.03402147442102432
repl_03,repl03,1,94,200,0.47,0.6488518714904785,0.008587812073528767,,0.0007661856943741441,0.03298799693584442
repl_03,repl03,1,95,200,0.475,0.655558705329895,0.008651352487504482,,0.0011233430122956634,0.04003671184182167
repl_03,repl03,1,96,200,0.48,0.6527989506721497,0.010041388683021069,,0.0013626834843307734,0.058342792093753815
repl_03,repl03,1,97,200,0.485,0.6621869802474976,0.009115098975598812,0.020781222730875015,0.0011924118734896183,0.04850027337670326
repl_03,repl03,1,98,200,0.49,0.620016872882843,0.00999701488763094,,0.0008989773923531175,0.037410181015729904
repl_03,repl03,1,99,200,0.495,0.6234229207038879,0.010220164433121681,,0.001580278156325221,0.034138597548007965
repl_03,repl03,1,100,200,0.5,0.6711607575416565,0.009309914894402027,,0.0009577397140674293,0.0700710341334343
repl_03,repl03,1,101,200,0.505,0.6344735622406006,0.009860956110060215,,0.0014342792565003037,0.04876288026571274
repl_03,repl03,1,102,200,0.51,0.6471776962280273,0.01014875527471304,,0.0011581385042518377,0.05375535413622856
repl_03,repl03,1,103,200,0.515,0.6722822189331055,0.010017556138336658,0.031427331268787384,0.0008904719725251198,0.046926647424697876
repl_03,repl03,1,104,200,0.52,0.6630849838256836,0.008955627679824829,,0.0009462727466598153,0.060081277042627335
repl_03,repl03,1,105,200,0.525,0.7204837799072266,0.010656599886715412,,0.0017576898680999875,0.04563699662685394
repl_03,repl03,1,106,200,0.53,0.633781909942627,0.009193118661642075,,0.0016104584792628884,0.06409425288438797
repl_03,repl03,1,107,200,0.535,0.6147199273109436,0.009962386451661587,,0.0014524328289553523,0.06472465395927429
repl_03,repl03,1,108,200,0.54,0.6582617163658142,0.011185350827872753,,0.001948684686794877,0.04916323721408844
repl_03,repl03,1,109,200,0.545,0.6527302861213684,0.010475438088178635,0.012840000912547112,0.0014464802807196975,0.0683184489607811
repl_03,repl03,1,110,200,0.55,0.6492069959640503,0.010731279850006104,,0.0011917767114937305,0.06725693494081497
repl_03,repl03,1,111,200,0.555,0.6784278154373169,0.010030781850218773,,0.0015189324039965868,0.04844710975885391
repl_03,repl03,1,112,200,0.56,0.6551547646522522,0.010660534724593163,,0.0013404826167970896,0.07490858435630798
repl_03,repl03,1,113,200,0.565,0.6523957848548889,0.009335516951978207,,0.0010293949162587523,0.049261268228292465
repl_03,repl03,1,114,200,0.57,0.6524312496185303,0.010024592280387878,,0.0012994044227525592,0.07023832947015762
repl_03,repl03,1,115,200,0.575,0.6728655099868774,0.00940207950770855,0.027476277202367783,0.0008387502748519182,0.04794127494096756
repl_03,repl03,1,116,200,0.58,0.6959841251373291,0.008891661651432514,,0.001171234529465437,0.0609685480594635
repl_03,repl03,1,117,200,0.585,0.6707508563995361,0.008724479004740715,,0.0009287206921726465,0.06395994126796722
repl_03,repl03,1,118,200,0.59,0.6894665360450745,0.010274001397192478,,0.0007638585520908237,0.0814783051609993
repl_03,repl03,1,119,200,0.595,0.6841511726379395,0.010971291922032833,,0.0013858642196282744,0.057182248681783676
repl_03,repl03,1,120,200,0.6,0.654192328453064,0.009746266528964043,,0.0011749346740543842,0.050172340124845505
repl_03,repl03,1,121,200,0.605,0.6863691210746765,0.010411088354885578,0.021346569061279297,0.001055966247804463,0.043743547052145004
repl_03,repl03,1,122,200,0.61,0.6599628329277039,0.00936657004058361,,0.0018709907308220863,0.056271202862262726
repl_03,repl03,1,123,200,0.615,0.6527012586593628,0.010151030495762825,,0.0016515277093276381,0.05608391389250755
repl_03,repl03,1,124,200,0.62,0.6639494299888611,0.009510847739875317,,0.0006404782179743052,0.049377311021089554
repl_03,repl03,1,125,200,0.625,0.650439441204071,0.010345501825213432,,0.0009010023786686361,0.07435760647058487
repl_03,repl03,1,126,200,0.63,0.6514995694160461,0.009742594324052334,,0.0009754194179549813,0.049545496702194214
repl_03,repl03,1,127,200,0.635,0.6580708622932434,0.010138552635908127,0.021726561710238457,0.0009721321985125542,0.040303174406290054
repl_03,repl03,1,128,200,0.64,0.6832228302955627,0.00982067734003067,,0.0006396315875463188,0.04837285354733467
repl_03,repl03,1,129,200,0.645,0.6575435400009155,0.009029221720993519,,0.0005324813537299633,0.05234420299530029
repl_03,repl03,1,130,200,0.65,0.676239013671875,0.009186975657939911,,0.0009898812277242541,0.06515926122665405
repl_03,repl03,1,131,200,0.655,0.65782231092453,0.00978187844157219,,0.0008730764966458082,0.06343436241149902
repl_03,repl03,1,132,200,0.66,0.6851140260696411,0.010548368096351624,,0.0020531662739813328,0.06145366281270981
repl_03,repl03,1,133,200,0.665,0.66008460521698,0.010266046039760113,0.027970125898718834,0.0012728044530376792,0.04781539738178253
repl_03,repl03,1,134,200,0.67,0.6788701415061951,0.011225998401641846,,0.0007752796518616378,0.054905571043491364
repl_03,repl03,1,135,200,0.675,0.6577335596084595,0.01024633925408125,,0.0008650519303046167,0.06031068414449692
repl_03,repl03,1,136,200,0.68,0.611953616142273,0.009725043550133705,,0.0018977333093062043,0.06226862221956253
repl_03,repl03,1,137,200,0.685,0.6619167923927307,0.010452376678586006,,0.0004893325385637581,0.07166820019483566
repl_03,repl03,1,138,200,0.69,0.6871412992477417,0.010614896193146706,,0.0013787669595330954,0.05139857158064842
repl_03,repl03,1,139,200,0.695,0.695625901222229,0.01066112332046032,0.054261982440948486,0.001814662478864193,0.0410810224711895
repl_03,repl03,1,140,200,0.7,0.6872316598892212,0.010526053607463837,,0.0011878835503011942,0.06122918426990509
repl_03,repl03,1,141,200,0.705,0.6448459029197693,0.010075273923575878,,0.0017745400546118617,0.03877534344792366
repl_03,repl03,1,142,200,0.71,0.6542892456054688,0.01083268690854311,,0.0012115093413740396,0.06090458855032921
repl_03,repl03,1,143,200,0.715,0.6422126293182373,0.01046918984502554,,0.0014908683951944113,0.04693477600812912
repl_03,repl03,1,144,200,0.72,0.654161274433136,0.010059298016130924,,0.0010092854499816895,0.048226386308670044
repl_03,repl03,1,145,200,0.725,0.6631932258605957,0.010189409367740154,0.007137732580304146,0.0010945273097604513,0.03962459787726402
repl_03,repl03,1,146,200,0.73,0.7163966298103333,0.01046718005090952,,0.0006439841235987842,0.04397692531347275
repl_03,repl03,1,147,200,0.735,0.6725509762763977,0.009981394745409489,,0.0007688364712521434,0.06882835179567337
repl_03,repl03,1,148,200,0.74,0.6746204495429993,0.010961710475385189,,0.0010098459897562861,0.04345061257481575
repl_03,repl03,1,149,200,0.745,0.703683078289032,0.010762734338641167,,0.0015053763054311275,0.04640314355492592
repl_03,repl03,1,150,200,0.75,0.657279372215271,0.009854027070105076,,0.0015370427863672376,0.053983673453330994
repl_03,repl03,1,151,200,0.755,0.661518394947052,0.01074859220534563,0.025853510946035385,0.0016242555575445294,0.05339474231004715
repl_03,repl03,1,152,200,0.76,0.6539465188980103,0.010135289281606674,,0.0011331444839015603,0.06412813812494278
repl_03,repl03,1,153,200,0.765,0.6520091891288757,0.010343775153160095,,0.0008594346581958234,0.07462405413389206
repl_03,repl03,1,154,200,0.77,0.6293294429779053,0.01112200878560543,,0.0010784578043967485,0.06463062018156052
repl_03,repl03,1,155,200,0.775,0.6721426248550415,0.01030403096228838,,0.001249349326826632,0.04075566679239273
repl_03,repl03,1,156,200,0.78,0.6715541481971741,0.010965931229293346,,0.0009353662026114762,0.05788326635956764
repl_03,repl03,1,157,200,0.785,0.6638907790184021,0.01084597222507,0.030778054147958755,0.0012304250849410892,0.04787155240774155
repl_03,repl03,1,158,200,0.79,0.7290306091308594,0.011664215475320816,,0.0010571941966190934,0.03734607622027397
repl_03,repl03,1,159,200,0.795,0.692803680896759,0.010613282211124897,,0.001022494863718748,0.0583963580429554
repl_03,repl03,1,160,200,0.8,0.6631463170051575,0.011831692419946194,,0.0010077597107738256,0.043604642152786255
repl_03,repl03,1,161,200,0.805,0.6322833895683289,0.011311997659504414,,0.001017121598124504,0.09557400643825531
repl_03,repl03,1,162,200,0.81,0.7149899005889893,0.012958214618265629,,0.0007004436338320374,0.05156707763671875
repl_03,repl03,1,163,200,0.815,0.7136729955673218,0.012836229056119919,0.023952309042215347,0.0012671594740822911,0.04792729392647743
repl_03,repl03,1,164,200,0.82,0.7001914381980896,0.011242310516536236,,0.0008542445139028132,0.046714670956134796
repl_03,repl03,1,165,200,0.825,0.6965943574905396,0.013567138463258743,,0.0014105902519077063,0.0573677159845829
repl_03,repl03,1,166,200,0.83,0.6638898253440857,0.012823325581848621,,0.0007951934821903706,0.06257002055644989
repl_03,repl03,1,167,200,0.835,0.6539934277534485,0.011355992406606674,,0.001784652005881071,0.04447218403220177
repl_03,repl03,1,168,200,0.84,0.6950992345809937,0.012043559923768044,,0.001781037193723023,0.032489851117134094
repl_03,repl03,1,169,200,0.845,0.681057333946228,0.011521285399794579,0.024639686569571495,0.001352417399175465,0.045420706272125244
repl_03,repl03,1,170,200,0.85,0.6878482699394226,0.010840997099876404,,0.00043061687028966844,0.0780738890171051
repl_03,repl03,1,171,200,0.855,0.7120137810707092,0.010728549212217331,,0.0009060022421181202,0.06469324231147766
repl_03,repl03,1,172,200,0.86,0.7091886401176453,0.01094603631645441,,0.0004451368877198547,0.05541340261697769
repl_03,repl03,1,173,200,0.865,0.6902042627334595,0.011383747681975365,,0.0010828369995579123,0.05021838843822479
repl_03,repl03,1,174,200,0.87,0.6753445267677307,0.01121785119175911,,0.0006784918368794024,0.06029009446501732
repl_03,repl03,1,175,200,0.875,0.6422160863876343,0.012672034092247486,0.008888635784387589,0.0015284677501767874,0.04935320466756821
repl_03,repl03,1,176,200,0.88,0.642235517501831,0.011868053115904331,,0.001142254681326449,0.0459999218583107
repl_03,repl03,1,177,200,0.885,0.6878643035888672,0.01263794768601656,,0.0005711022531613708,0.057364437729120255
repl_03,repl03,1,178,200,0.89,0.6508899927139282,0.011280586011707783,,0.0006480281590484083,0.044530097395181656
repl_03,repl03,1,179,200,0.895,0.6687881946563721,0.011872882954776287,,0.0017911975737661123,0.06026630103588104
repl_03,repl03,1,180,200,0.9,0.6526118516921997,0.01105162501335144,,0.0004328067589085549,0.04608865827322006
repl_03,repl03,1,181,200,0.905,0.6504731178283691,0.011014238931238651,0.01241600327193737,0.0004986536223441362,0.07904594391584396
repl_03,repl03,1,182,200,0.91,0.6061357259750366,0.010379962623119354,,0.0010712894145399332,0.07199101895093918
repl_03,repl03,1,183,200,0.915,0.7260406017303467,0.010484612546861172,,0.0008018174557946622,0.05227808281779289
repl_03,repl03,1,184,200,0.92,0.6739323735237122,0.009775863029062748,,0.0006853226805105805,0.052012644708156586
repl_03,repl03,1,185,200,0.925,0.6767270565032959,0.012282229959964752,,0.0014303228817880154,0.060629952698946
repl_03,repl03,1,186,200,0.93,0.6676463484764099,0.010632185265421867,,0.0016940707573667169,0.060350287705659866
repl_03,repl03,1,187,200,0.935,0.6731080412864685,0.011344539001584053,0.02384776435792446,0.0009744688868522644,0.056795354932546616
repl_03,repl03,1,188,200,0.94,0.6525682806968689,0.0117786955088377,,0.0011256651487201452,0.046101514250040054
repl_03,repl03,1,189,200,0.945,0.7094045281410217,0.011238044127821922,,0.0008041355758905411,0.06659266352653503
repl_03,repl03,1,190,200,0.95,0.6591683030128479,0.012264014221727848,,0.001010750769637525,0.0610613189637661
repl_03,repl03,1,191,200,0.955,0.6483272910118103,0.011986460536718369,,0.001375389751046896,0.053928080946207047
repl_03,repl03,1,192,200,0.96,0.6729322671890259,0.01064272690564394,,0.0011402508243918419,0.0360746905207634
repl_03,repl03,1,193,200,0.965,0.6984732151031494,0.010522325523197651,0.01468814816325903,0.0008991009090095758,0.04715636372566223
repl_03,repl03,1,194,200,0.97,0.7006350159645081,0.011747143231332302,,0.001256645773537457,0.052240435034036636
repl_03,repl03,1,195,200,0.975,0.6858575940132141,0.010949679650366306,,0.0006758279050700366,0.059896938502788544
repl_03,repl03,1,196,200,0.98,0.6700477004051208,0.011464058421552181,,0.0008427755674347281,0.0714055672287941
repl_03,repl03,1,197,200,0.985,0.6289989352226257,0.010429173707962036,,0.0008006404968909919,0.043803103268146515
repl_03,repl03,1,198,200,0.99,0.6787295341491699,0.011357125826179981,,0.0010295480024069548,0.05179867520928383
repl_03,repl03,1,199,200,0.995,0.7034972310066223,0.01103928405791521,0.010493125766515732,0.0015181595226749778,0.0506577230989933
repl_03,repl03,1,200,200,1.0,0.6578077077865601,0.010311895050108433,,0.0012238654308021069,0.04658608138561249
repl_03,repl03,1,200,200,1.0,,,,,
repl_04,repl04,1,1,200,0.005,0.6453067064285278,0.0,0.04698174446821213,0.0,0.06105433776974678
repl_04,repl04,1,2,200,0.01,0.6306591033935547,0.0008631960954517126,,0.0015713097527623177,0.07370943576097488
repl_04,repl04,1,3,200,0.015,0.6209726929664612,0.0008025148999877274,,0.0007187596056610346,0.04663609340786934
repl_04,repl04,1,4,200,0.02,0.6617810726165771,0.0008251863182522357,,0.0011305112857371569,0.04714468866586685
repl_04,repl04,1,5,200,0.025,0.6228955984115601,0.0008686124347150326,,0.0010138248326256871,0.06013133376836777
repl_04,repl04,1,6,200,0.03,0.6809870004653931,0.0009049763320945203,,0.0010890610283240676,0.042025040835142136
repl_04,repl04,1,7,200,0.035,0.6997788548469543,0.0009232190204784274,0.018640585243701935,0.0009540973114781082,0.060000065714120865
repl_04,repl04,1,8,200,0.04,0.6966303586959839,0.000958181160967797,,0.0006867345655336976,0.0638064444065094
repl_04,repl04,1,9,200,0.045,0.7215858101844788,0.0009775430662557483,,0.001485884073190391,0.05390787497162819
repl_04,repl04,1,10,200,0.05,0.6760842800140381,0.0010273458901792765,,0.0007952286396175623,0.07405247539281845
repl_04,repl04,1,11,200,0.055,0.6802159547805786,0.001140309264883399,,0.001884282915852964,0.09645476937294006
repl_04,repl04,1,12,200,0.06,0.7105399370193481,0.0012575844302773476,,0.0018490320071578026,0.08432766795158386
repl_04,repl04,1,13,200,0.065,0.6816568374633789,0.0013949151616543531,0.0006088266964070499,0.0008206811617128551,0.060673460364341736
repl_04,repl04,1,14,200,0.07,0.6477550268173218,0.0015139366732910275,,0.001843228586949408,0.09114490449428558
repl_04,repl04,1,15,200,0.075,0.6798404455184937,0.0015995737630873919,,0.0016530633438378572,0.05869727581739426
repl_04,repl04,1,16,200,0.08,0.6932289600372314,0.0019820211455225945,,0.0023157470859587193,0.057564523071050644
repl_04,repl04,1,17,200,0.085,0.6550691723823547,0.0023523052223026752,,0.002133788540959358,0.06525254994630814
repl_04,repl04,1,18,200,0.09,0.7230798006057739,0.0021550983656197786,,0.002346893073990941,0.055386707186698914
repl_04,repl04,1,19,200,0.095,0.6849281787872314,0.001964943017810583,0.03753528371453285,0.0010257725371047854,0.04763326048851013
repl_04,repl04,1,20,200,0.1,0.6951512694358826,0.0023580912966281176,,0.0010784901678562164,0.053399380296468735
repl_04,repl04,1,21,200,0.105,0.6989395022392273,0.0028866329230368137,,0.0018713449826464057,0.06566975265741348
repl_04,repl04,1,22,200,0.11,0.6849852204322815,0.0029481183737516403,,0.0009352592751383781,0.07234806567430496
repl_04,repl04,1,23,200,0.115,0.7094260454177856,0.003303736913949251,,0.0017191361403092742,0.07991515100002289
repl_04,repl04,1,24,200,0.12,0.6625065803527832,0.0032064393162727356,,0.0018695471808314323,0.08477820456027985
repl_04,repl04,1,25,200,0.125,0.6842573881149292,0.0034046906512230635,0.030846979469060898,0.0011665888596326113,0.059486567974090576
repl_04,repl04,1,26,200,0.13,0.6786240935325623,0.003990506287664175,,0.0015789993340149522,0.0679037868976593
repl_04,repl04,1,27,200,0.135,0.6716601252555847,0.003616376779973507,,0.0009007849730551243,0.05110638961195946
repl_04,repl04,1,28,200,0.14,0.6733200550079346,0.004469519946724176,,0.0008850536542013288,0.042341846972703934
repl_04,repl04,1,29,200,0.145,0.6558580994606018,0.005085309036076069,,0.0014477367512881756,0.05458618700504303
repl_04,repl04,1,30,200,0.15,0.6706961393356323,0.004403147380799055,,0.0018212724244222045,0.06131567433476448
repl_04,repl04,1,31,200,0.155,0.6440054774284363,0.0043906569480896,0.008267940953373909,0.0011398609494790435,0.0418870784342289
repl_04,repl04,1,32,200,0.16,0.671008288860321,0.004827338736504316,,0.0017917578807100654,0.06784193962812424
repl_04,repl04,1,33,200,0.165,0.6809545159339905,0.005292549729347229,,0.0010287007316946983,0.05415869876742363
repl_04,repl04,1,34,200,0.17,0.701417863368988,0.0041398536413908005,,0.0017651051748543978,0.04509492591023445
repl_04,repl04,1,35,200,0.175,0.6825070977210999,0.005135579500347376,,0.0017437685746699572,0.04932747408747673
repl_04,repl04,1,36,200,0.18,0.6818920373916626,0.00541898887604475,,0.002027986105531454,0.04367857798933983
repl_04,repl04,1,37,200,0.185,0.6706787943840027,0.0072804768569767475,0.05154305696487427,0.001154007506556809,0.0593850202858448
repl_04,repl04,1,38,200,0.19,0.6695662140846252,0.0077596851624548435,,0.0016763522289693356,0.0581650584936142
repl_04,repl04,1,39,200,0.195,0.7014944553375244,0.006019724998623133,,0.00044086851994507015,0.046884167939424515
repl_04,repl04,1,40,200,0.2,0.6687528491020203,0.008022980764508247,,0.0020824656821787357,0.059418078511953354
repl_04,repl04,1,41,200,0.205,0.6407458782196045,0.009398211725056171,,0.0008382229716517031,0.0830785408616066
repl_04,repl04,1,42,200,0.21,0.7044892907142639,0.007631713058799505,,0.00191619829274714,0.05550523102283478
repl_04,repl04,1,43,200,0.215,0.7254025340080261,0.007380099501460791,0.05313144251704216,0.001177702215500176,0.06381934136152267
repl_04,repl04,1,44,200,0.22,0.7060173153877258,0.009586885571479797,,0.001070281839929521,0.04435816407203674
repl_04,repl04,1,45,200,0.225,0.6906237006187439,0.009089763276278973,,0.0010177080985158682,0.07391916215419769
repl_04,repl04,1,46,200,0.23,0.6812012195587158,0.007589471992105246,,0.0021686439868062735,0.04829970374703407
repl_04,repl04,1,47,200,0.235,0.654839813709259,0.011428366415202618,,0.001171958283521235,0.04795704409480095
repl_04,repl04,1,48,200,0.24,0.6751931309700012,0.009327901527285576,,0.001476377947255969,0.060191117227077484
repl_04,repl04,1,49,200,0.245,0.7262834310531616,0.009755397215485573,0.04034695029258728,0.000830072327516973,0.07566502690315247
repl_04,repl04,1,50,200,0.25,0.6720104813575745,0.013109025545418262,,0.00121187639888376,0.06740222126245499
repl_04,repl04,1,51,200,0.255,0.6893587112426758,0.008389528840780258,,0.001083162846043706,0.07431286573410034
repl_04,repl04,1,52,200,0.26,0.6865803003311157,0.01182402204722166,,0.0016184721607714891,0.05514352023601532
repl_04,repl04,1,53,200,0.265,0.7047005891799927,0.009848608635365963,,0.0008976660901680589,0.0756973996758461
repl_04,repl04,1,54,200,0.27,0.7028012275695801,0.012665117159485817,,0.0009070294909179211,0.05313087999820709
repl_04,repl04,1,55,200,0.275,0.6852217316627502,0.01507091335952282,0.022190969437360764,0.0011225444031879306,0.05626790225505829
repl_04,repl04,1,56,200,0.28,0.7139675617218018,0.013701014220714569,,0.0012498698197305202,0.03512295335531235
repl_04,repl04,1,57,200,0.285,0.6950395703315735,0.016972554847598076,,0.0008620689623057842,0.06013602763414383
repl_04,repl04,1,58,200,0.29,0.7100823521614075,0.013711420819163322,,0.002057613106444478,0.05644784867763519
repl_04,repl04,1,59,200,0.295,0.7216280102729797,0.01320898812264204,,0.0018224157392978668,0.04687986895442009
repl_04,repl04,1,60,200,0.3,0.7113308310508728,0.013966844417154789,,0.0015576323494315147,0.0438421294093132
repl_04,repl04,1,61,200,0.305,0.7204785943031311,0.01482874434441328,0.028913162648677826,0.000707130238879472,0.08410800993442535
repl_04,repl04,1,62,200,0.31,0.7431974411010742,0.013441906310617924,,0.0006607929244637489,0.10274005681276321
repl_04,repl04,1,63,200,0.315,0.7362959384918213,0.01638241484761238,,0.0010414256248623133,0.05444997921586037
repl_04,repl04,1,64,200,0.32,0.6732405424118042,0.015744253993034363,,0.0005261496407911181,0.08603300899267197
repl_04,repl04,1,65,200,0.325,0.67653489112854,0.017080867663025856,,0.0008481764234602451,0.07324749231338501
repl_04,repl04,1,66,200,0.33,0.7104315161705017,0.016053734347224236,,0.001671810750849545,0.05528227612376213
repl_04,repl04,1,67,200,0.335,0.7612839937210083,0.013141927309334278,0.045174889266490936,0.0013061651261523366,0.039227280765771866
repl_04,repl04,1,68,200,0.34,0.7266048192977905,0.012946275062859058,,0.0008937548846006393,0.06006655469536781
repl_04,repl04,1,69,200,0.345,0.7844467163085938,0.013910978101193905,,0.0008744534570723772,0.0584024153649807
repl_04,repl04,1,70,200,0.35,0.7742723822593689,0.011627638712525368,,0.001121355569921434,0.08213048428297043
repl_04,repl04,1,71,200,0.355,0.7602106332778931,0.01210024394094944,,0.0016020139446482062,0.05921226367354393
repl_04,repl04,1,72,200,0.36,0.7714546918869019,0.013029455207288265,,0.0012127745430916548,0.0492834597826004
repl_04,repl04,1,73,200,0.365,0.7240984439849854,0.015624696388840675,0.03244355320930481,0.000999375362880528,0.039965756237506866
repl_04,repl04,1,74,200,0.37,0.7296710014343262,0.014125115238130093,,0.0015130353858694434,0.0470898263156414
repl_04,repl04,1,75,200,0.375,0.7193119525909424,0.013275048695504665,,0.0012374961515888572,0.08645778894424438
repl_04,repl04,1,76,200,0.38,0.6859874129295349,0.01729080080986023,,0.001299621886573732,0.04756425321102142
repl_04,repl04,1,77,200,0.385,0.7051968574523926,0.016623971983790398,,0.0011118972906842828,0.06389710307121277
repl_04,repl04,1,78,200,0.39,0.6877741813659668,0.015538305044174194,,0.0022048286627978086,0.05822761729359627
repl_04,repl04,1,79,200,0.395,0.6641202569007874,0.01598905771970749,0.02502041682600975,0.0013582698302343488,0.07042650878429413
repl_04,repl04,1,80,200,0.4,0.6707280278205872,0.018512537702918053,,0.0006317119114100933,0.05747866630554199
repl_04,repl04,1,81,200,0.405,0.6722784638404846,0.015022631734609604,,0.0007265681633725762,0.04618137702345848
repl_04,repl04,1,82,200,0.41,0.7167965173721313,0.016688112169504166,,0.0009179575718007982,0.0648094117641449
repl_04,repl04,1,83,200,0.415,0.7079389691352844,0.01889067329466343,,0.0018288221908733249,0.0786377489566803
repl_04,repl04,1,84,200,0.42,0.7564032673835754,0.013290167786180973,,0.0012127745430916548,0.06549707800149918
repl_04,repl04,1,85,200,0.425,0.6779291033744812,0.024376507848501205,0.023785457015037537,0.0008589220815338194,0.06692331284284592
repl_04,repl04,1,86,200,0.43,0.7014847993850708,0.020356716588139534,,0.0012570710387080908,0.08815126121044159
repl_04,repl04,1,87,200,0.435,0.763799250125885,0.016014399006962776,,0.001172027550637722,0.07468364387750626
repl_04,repl04,1,88,200,0.44,0.7363767623901367,0.017032742500305176,,0.0009966363431885839,0.06113957613706589
repl_04,repl04,1,89,200,0.445,0.7436737418174744,0.01490766927599907,,0.0015101592289283872,0.07219100743532181
repl_04,repl04,1,90,200,0.45,0.7142627239227295,0.01919490471482277,,0.0021456668619066477,0.058153796941041946
repl_04,repl04,1,91,200,0.455,0.7601366639137268,0.023714309558272362,0.05009480565786362,0.0007333170506171882,0.057980842888355255
repl_04,repl04,1,92,200,0.46,0.7177841663360596,0.02089674398303032,,0.0017372420988976955,0.05940471589565277
repl_04,repl04,1,93,200,0.465,0.7421845197677612,0.017285306006669998,,0.0005890669417567551,0.053242236375808716
repl_04,repl04,1,94,200,0.47,0.733607828617096,0.0242187287658453,,0.0019567455165088177,0.09170448780059814
repl_04,repl04,1,95,200,0.475,0.7438439726829529,0.022703729569911957,,0.0009769202442839742,0.06760841608047485
repl_04,repl04,1,96,200,0.48,0.7160257697105408,0.019812243059277534,,0.0013585110427811742,0.05252675339579582
repl_04,repl04,1,97,200,0.485,0.7144899368286133,0.021577423438429832,0.03194029629230499,0.001962949289008975,0.05349597707390785
repl_04,repl04,1,98,200,0.49,0.6970957517623901,0.036764178425073624,,0.0009169638506136835,0.062280263751745224
repl_04,repl04,1,99,200,0.495,0.7416022419929504,0.019829824566841125,,0.0006663704989477992,0.052790023386478424
repl_04,repl04,1,100,200,0.5,0.7596179842948914,0.02093988098204136,,0.0006450780783779919,0.053768180310726166
repl_04,repl04,1,101,200,0.505,0.7386956810951233,0.01916416361927986,,0.0010409437818452716,0.05258446931838989
repl_04,repl04,1,102,200,0.51,0.714125394821167,0.025027882307767868,,0.0014862238895148039,0.04509034752845764
repl_04,repl04,1,103,200,0.515,0.7236478924751282,0.01997995190322399,0.042166151106357574,0.001914333552122116,0.05238843709230423
repl_04,repl04,1,104,200,0.52,0.7105290293693542,0.033487096428871155,,0.0014196789124980569,0.05980595946311951
repl_04,repl04,1,105,200,0.525,0.6839866042137146,0.02634747512638569,,0.001404987764544785,0.05071137845516205
repl_04,repl04,1,106,200,0.53,0.7085269093513489,0.03746723383665085,,0.000982103869318962,0.04692471772432327
repl_04,repl04,1,107,200,0.535,0.7616950273513794,0.028628839179873466,,0.0024056723341345787,0.07975150644779205
repl_04,repl04,1,108,200,0.54,0.7543430328369141,0.025884266942739487,,0.0013734691310673952,0.08930773288011551
repl_04,repl04,1,109,200,0.545,0.705848217010498,0.02359258197247982,0.0021182126365602016,0.00046184042003005743,0.06847510486841202
repl_04,repl04,1,110,200,0.55,0.7258629202842712,0.022071193903684616,,0.0007707129116170108,0.07006188482046127
repl_04,repl04,1,111,200,0.555,0.6804364919662476,0.025483308359980583,,0.0012074863770976663,0.05900665000081062
repl_04,repl04,1,112,200,0.56,0.7113762497901917,0.02382117137312889,,0.0013747279299423099,0.06333306431770325
repl_04,repl04,1,113,200,0.565,0.7315715551376343,0.019998740404844284,,0.0013605442363768816,0.060205455869436264
repl_04,repl04,1,114,200,0.57,0.7297962307929993,0.018146520480513573,,0.0003673769242595881,0.0609876923263073
repl_04,repl04,1,115,200,0.575,0.7020018100738525,0.04558287560939789,0.03295069932937622,0.0008965929737314582,0.0557405948638916
repl_04,repl04,1,116,200,0.58,0.7112880349159241,0.026020200923085213,,0.000834724516607821,0.03577956184744835
repl_04,repl04,1,117,200,0.585,0.7520145177841187,0.02973935939371586,,0.0015666965628042817,0.06332150846719742
repl_04,repl04,1,118,200,0.59,0.6835129261016846,0.02551695518195629,,0.0013084723614156246,0.06108111888170242
repl_04,repl04,1,119,200,0.595,0.7426798343658447,0.03193221241235733,,0.0017375188181176782,0.052520930767059326
repl_04,repl04,1,120,200,0.6,0.7304606437683105,0.025951001793146133,,0.0008066374575719237,0.04372146353125572
repl_04,repl04,1,121,200,0.605,0.6910755634307861,0.0233644749969244,0.03586498647928238,0.001022494863718748,0.05512361228466034
repl_04,repl04,1,122,200,0.61,0.6899394392967224,0.02340414747595787,,0.0007614489295519888,0.07399232685565948
repl_04,repl04,1,123,200,0.615,0.7168079614639282,0.018719235435128212,,0.0011607661144807935,0.06245297193527222
repl_04,repl04,1,124,200,0.62,0.6913212537765503,0.020906807854771614,,0.0017241379246115685,0.06256499886512756
repl_04,repl04,1,125,200,0.625,0.733290433883667,0.033691998571157455,,0.0013796563725918531,0.060891252011060715
repl_04,repl04,1,126,200,0.63,0.6954032182693481,0.03196613863110542,,0.0008318478940054774,0.05392506346106529
repl_04,repl04,1,127,200,0.635,0.77965247631073,0.031243517994880676,0.008797667920589447,0.0011283851927146316,0.06417883932590485
repl_04,repl04,1,128,200,0.64,0.7393904328346252,0.020484663546085358,,0.0010934273013845086,0.05495370179414749
repl_04,repl04,1,129,200,0.645,0.7157142162322998,0.02279885672032833,,0.000701098411809653,0.06946060061454773
repl_04,repl04,1,130,200,0.65,0.7193715572357178,0.023213913664221764,,0.0008591065416112542,0.0771089419722557
repl_04,repl04,1,131,200,0.655,0.6584897041320801,0.021261531859636307,,0.0010990109294652939,0.07531434297561646
repl_04,repl04,1,132,200,0.66,0.7479914426803589,0.02814880944788456,,0.0017138939583674073,0.08787111937999725
repl_04,repl04,1,133,200,0.665,0.7078424692153931,0.023809971287846565,0.0328577384352684,0.0010595715139061213,0.08246368169784546
repl_04,repl04,1,134,200,0.67,0.7252882719039917,0.024126335978507996,,0.0010387811344116926,0.06768374890089035
repl_04,repl04,1,135,200,0.675,0.6875635981559753,0.02258284203708172,,0.0012401818530634046,0.0535455197095871
repl_04,repl04,1,136,200,0.68,0.7271578311920166,0.018762631341814995,,0.001497006043791771,0.05384477227926254
repl_04,repl04,1,137,200,0.685,0.721824049949646,0.020326316356658936,,0.0005841804086230695,0.07186517864465714
repl_04,repl04,1,138,200,0.69,0.7170419096946716,0.019678253680467606,,0.0012127745430916548,0.05549072101712227
repl_04,repl04,1,139,200,0.695,0.7040919065475464,0.03303736448287964,0.019224125891923904,0.00037087404052726924,0.04788818955421448
repl_04,repl04,1,140,200,0.7,0.703057587146759,0.03523872420191765,,0.0006313795456662774,0.06577213853597641
repl_04,repl04,1,141,200,0.705,0.7008630037307739,0.02381446585059166,,0.0014530010521411896,0.05144544318318367
repl_04,repl04,1,142,200,0.71,0.6754329800605774,0.02442784048616886,,0.001369863050058484,0.06537004560232162
repl_04,repl04,1,143,200,0.715,0.7420803904533386,0.022200359031558037,,0.0005430355668067932,0.05245000123977661
repl_04,repl04,1,144,200,0.72,0.7455384731292725,0.018874356523156166,,0.0012155099539086223,0.04723092541098595
repl_04,repl04,1,145,200,0.725,0.7309204339981079,0.019328737631440163,0.011830545030534267,0.0005731973215006292,0.04936527833342552
repl_04,repl04,1,146,200,0.73,0.7372778058052063,0.020817380398511887,,0.0008752188296057284,0.0692497193813324
repl_04,repl04,1,147,200,0.735,0.7384017109870911,0.019709989428520203,,0.0008907694136723876,0.04736587777733803
repl_04,repl04,1,148,200,0.74,0.7182885408401489,0.02085205167531967,,0.000982854631729424,0.07358726114034653
repl_04,repl04,1,149,200,0.745,0.7060790657997131,0.02194806933403015,,0.0013480116613209248,0.0619242861866951
repl_04,repl04,1,150,200,0.75,0.7364584803581238,0.022293586283922195,,0.0009183790534734726,0.07467179000377655
repl_04,repl04,1,151,200,0.755,0.7563033699989319,0.01888430491089821,0.012887786142528057,0.0003471820382401347,0.05897882953286171
repl_04,repl04,1,152,200,0.76,0.7504602074623108,0.01775793731212616,,0.0008431703317910433,0.04281296581029892
repl_04,repl04,1,153,200,0.765,0.7609910368919373,0.022973552346229553,,0.0009592837304808199,0.047467224299907684
repl_04,repl04,1,154,200,0.77,0.6869957447052002,0.018586719408631325,,0.0010032103164121509,0.045277345925569534
repl_04,repl04,1,155,200,0.775,0.7052903771400452,0.022012630477547646,,0.0012449071509763598,0.04739350825548172
repl_04,repl04,1,156,200,0.78,0.743664026260376,0.01774168200790882,,0.0006277463980950415,0.04994206503033638
repl_04,repl04,1,157,200,0.785,0.7263420820236206,0.019887199625372887,0.0304704736918211,0.000668225868139416,0.05863236263394356
repl_04,repl04,1,158,200,0.79,0.7459802031517029,0.018607020378112793,,0.0006651884759776294,0.060250744223594666
repl_04,repl04,1,159,200,0.795,0.7331802248954773,0.024001657962799072,,0.000836470106150955,0.055938515812158585
repl_04,repl04,1,160,200,0.8,0.7026799917221069,0.02005680464208126,,0.0005532809300348163,0.06511320173740387
repl_04,repl04,1,161,200,0.805,0.7072886228561401,0.023442329838871956,,0.0008003658731468022,0.058699749410152435
repl_04,repl04,1,162,200,0.81,0.7456467151641846,0.019092479720711708,,0.0006106497603468597,0.05394522100687027
repl_04,repl04,1,163,200,0.815,0.6876129508018494,0.0634816586971283,0.005208808463066816,0.0009321594843640924,0.07033802568912506
repl_04,repl04,1,164,200,0.82,0.7339094281196594,0.02284768596291542,,0.0011763322399929166,0.05129801481962204
repl_04,repl04,1,165,200,0.825,0.7315923571586609,0.022135809063911438,,0.0010711735812947154,0.05746092274785042
repl_04,repl04,1,166,200,0.83,0.7148679494857788,0.1133364588022232,,0.0014273480046540499,0.08715400099754333
repl_04,repl04,1,167,200,0.835,0.7256501317024231,0.021510066464543343,,0.000804667070042342,0.06385961920022964
repl_04,repl04,1,168,200,0.84,0.7273498177528381,0.02167721837759018,,0.0010990352602675557,0.05080107972025871
repl_04,repl04,1,169,200,0.845,0.7018389701843262,0.02040877193212509,-0.003678991226479411,0.001397298532538116,0.06643038988113403
repl_04,repl04,1,170,200,0.85,0.7510365843772888,0.019937755540013313,,0.0011313497088849545,0.0503830760717392
repl_04,repl04,1,171,200,0.855,0.7695438861846924,0.01997467130422592,,0.0008030285825952888,0.05250629037618637
repl_04,repl04,1,172,200,0.86,0.7238491177558899,0.020112663507461548,,0.0012629161356016994,0.04825234413146973
repl_04,repl04,1,173,200,0.865,0.7546650767326355,0.02259502187371254,,0.0007088846759870648,0.05847369134426117
repl_04,repl04,1,174,200,0.87,0.720617413520813,0.021162742748856544,,0.0004657661775127053,0.060131583362817764
repl_04,repl04,1,175,200,0.875,0.7740490436553955,0.01639966480433941,0.017859255895018578,0.0006786102312617004,0.05834536254405975
repl_04,repl04,1,176,200,0.88,0.7599688768386841,0.019231537356972694,,0.00035902345553040504,0.06767022609710693
repl_04,repl04,1,177,200,0.885,0.7268074750900269,0.019837532192468643,,0.0010808213846758008,0.044702887535095215
repl_04,repl04,1,178,200,0.89,0.7000039219856262,0.01854097843170166,,0.0007241129642352462,0.06418047100305557
repl_04,repl04,1,179,200,0.895,0.7039631605148315,0.027460318058729172,,0.0009411132195964456,0.05690634995698929
repl_04,repl04,1,180,200,0.9,0.7426009774208069,0.02253558672964573,,0.0011096042580902576,0.06345343589782715
repl_04,repl04,1,181,200,0.905,0.7089768052101135,0.024881385266780853,0.015421266667544842,0.0017412680899724364,0.07537054270505905
repl_04,repl04,1,182,200,0.91,0.6924057602882385,0.02081187255680561,,0.0009649404673837125,0.07537312060594559
repl_04,repl04,1,183,200,0.915,0.707936704158783,0.021832946687936783,,0.001499769277870655,0.05698272958397865
repl_04,repl04,1,184,200,0.92,0.7444281578063965,0.016467107459902763,,0.0005247966619208455,0.05068429186940193
repl_04,repl04,1,185,200,0.925,0.747978150844574,0.020939815789461136,,0.0005733123398385942,0.047869548201560974
repl_04,repl04,1,186,200,0.93,0.7560908794403076,0.014990183524787426,,0.0014628794742748141,0.05823501944541931
repl_04,repl04,1,187,200,0.935,0.7401341199874878,0.021990125998854637,0.019220251590013504,0.0006788098253309727,0.06685435771942139
repl_04,repl04,1,188,200,0.94,0.7332652807235718,0.020609311759471893,,0.000335457909386605,0.0649222657084465
repl_04,repl04,1,189,200,0.945,0.7501167058944702,0.017629101872444153,,0.0004978840006515384,0.042926859110593796
repl_04,repl04,1,190,200,0.95,0.7458906173706055,0.0244318637996912,,0.0005779010825790465,0.056829582899808884
repl_04,repl04,1,191,200,0.955,0.7246475219726562,0.02158668078482151,,0.0007049700361676514,0.06933938711881638
repl_04,repl04,1,192,200,0.96,0.7554841637611389,0.019614409655332565,,0.0011614401591941714,0.07425877451896667
repl_04,repl04,1,193,200,0.965,0.6856924891471863,0.017067205160856247,0.02178608439862728,0.0007111532613635063,0.05194658041000366
repl_04,repl04,1,194,200,0.97,0.7399384379386902,0.01897168904542923,,0.0016378985019400716,0.0759921669960022
repl_04,repl04,1,195,200,0.975,0.7766737937927246,0.01593693718314171,,0.00039225941873155534,0.0679478794336319
repl_04,repl04,1,196,200,0.98,0.7353585362434387,0.01588917151093483,,0.0006888950010761619,0.0720774307847023
repl_04,repl04,1,197,200,0.985,0.7318289875984192,0.016470452770590782,,0.0005798445781692863,0.06969938427209854
repl_04,repl04,1,198,200,0.99,0.7249685525894165,0.021922806277871132,,0.0017037589568644762,0.0772315040230751
repl_04,repl04,1,199,200,0.995,0.7458104491233826,0.01782701537013054,0.0030136480927467346,0.0009752529440447688,0.0489482507109642
repl_04,repl04,1,200,200,1.0,0.7588258981704712,0.01500291470438242,,0.0007168458541855216,0.05532790347933769
repl_04,repl04,1,200,200,1.0,,,,,
repl_07,long DAPO,1,1,400,0.0025,0.6580333709716797,0.0,0.020450763404369354,0.0,0.0856667309999466
repl_07,long DAPO,1,2,400,0.005,0.6195637583732605,0.0008415858610533178,,0.0013861386105418205,0.07280832529067993
repl_07,long DAPO,1,3,400,0.0075,0.6695776581764221,0.0009483848116360605,,0.00199436885304749,0.046106304973363876
repl_07,long DAPO,1,4,400,0.01,0.6398844122886658,0.0009665248217061162,,0.0018018018454313278,0.062433596700429916
repl_07,long DAPO,1,5,400,0.0125,0.6268178820610046,0.0009989365935325623,,0.001647160854190588,0.09439102560281754
repl_07,long DAPO,1,6,400,0.015,0.675327718257904,0.0009864706080406904,,0.0018382353009656072,0.0579407624900341
repl_07,long DAPO,1,7,400,0.0175,0.6541263461112976,0.0010385970817878842,0.04838084429502487,0.0010360742453485727,0.07901749759912491
repl_07,long DAPO,1,8,400,0.02,0.6821082830429077,0.0010596731444820762,,0.0009162753121927381,0.04536348581314087
repl_07,long DAPO,1,9,400,0.0225,0.6729163527488708,0.0011861143866553903,,0.00123692792840302,0.035793647170066833
repl_07,long DAPO,1,10,400,0.025,0.6458356976509094,0.0013782361056655645,,0.0022354694083333015,0.06912340968847275
repl_07,long DAPO,1,11,400,0.0275,0.6199760437011719,0.0014192684320732951,,0.0015682174125686288,0.05103892460465431
repl_07,long DAPO,1,12,400,0.03,0.6893455982208252,0.0018713462632149458,,0.0020910087041556835,0.051014143973588943
repl_07,long DAPO,1,13,400,0.0325,0.6147544384002686,0.0018982298206537962,0.036417633295059204,0.0017208412755280733,0.06740964949131012
repl_07,long DAPO,1,14,400,0.035,0.6133419871330261,0.0017206703778356314,,0.0011179997818544507,0.06498929113149643
repl_07,long DAPO,1,15,400,0.0375,0.6795856356620789,0.0018597976304590702,,0.0018332925392314792,0.06173395365476608
repl_07,long DAPO,1,16,400,0.04,0.5953696966171265,0.0022171298041939735,,0.001566088991239667,0.09533511847257614
repl_07,long DAPO,1,17,400,0.0425,0.6411595940589905,0.002450318541377783,,0.0027078527491539717,0.08499224483966827
repl_07,long DAPO,1,18,400,0.045,0.6631540060043335,0.003153332509100437,,0.00205667270347476,0.05523518845438957
repl_07,long DAPO,1,19,400,0.0475,0.7166100740432739,0.0024412116035819054,0.03424561023712158,0.0008198641589842737,0.057573236525058746
repl_07,long DAPO,1,20,400,0.05,0.6349908709526062,0.003584017278626561,,0.0011784969829022884,0.0937400683760643
repl_07,long DAPO,1,21,400,0.0525,0.6289425492286682,0.00353929097764194,,0.001484197680838406,0.09440228343009949
repl_07,long DAPO,1,22,400,0.055,0.6569986343383789,0.003661148017272353,,0.0015417822869494557,0.043941814452409744
repl_07,long DAPO,1,23,400,0.0575,0.6712754964828491,0.0035894070751965046,,0.0009601024212315679,0.05931231006979942
repl_07,long DAPO,1,24,400,0.06,0.6442572474479675,0.004222422372549772,,0.003165272530168295,0.038525547832250595
repl_07,long DAPO,1,25,400,0.0625,0.6204690933227539,0.004676410928368568,0.014847628772258759,0.0010255358647555113,0.051344599574804306
repl_07,long DAPO,1,26,400,0.065,0.6547049880027771,0.005553591530770063,,0.0009993640705943108,0.07386977225542068
repl_07,long DAPO,1,27,400,0.0675,0.6684906482696533,0.004991760011762381,,0.0009886306943371892,0.06648561358451843
repl_07,long DAPO,1,28,400,0.07,0.6403366327285767,0.006063212640583515,,0.0035439450293779373,0.05430949106812477
repl_07,long DAPO,1,29,400,0.0725,0.6367979049682617,0.005807798821479082,,0.0029781293123960495,0.05090956389904022
repl_07,long DAPO,1,30,400,0.075,0.6894391775131226,0.006670377682894468,,0.0021486892364919186,0.05580059066414833
repl_07,long DAPO,1,31,400,0.0775,0.6597864627838135,0.007337586954236031,0.014210181310772896,0.0010403662454336882,0.0722869411110878
repl_07,long DAPO,1,32,400,0.08,0.666461706161499,0.008706365711987019,,0.0020932666957378387,0.06468517333269119
repl_07,long DAPO,1,33,400,0.0825,0.6621946096420288,0.010993137024343014,,0.0011625203769654036,0.04694034159183502
repl_07,long DAPO,1,34,400,0.085,0.6776065230369568,0.00883598905056715,,0.001240457990206778,0.05403529480099678
repl_07,long DAPO,1,35,400,0.0875,0.6663743257522583,0.008664638735353947,,0.0025172375608235598,0.07426781952381134
repl_07,long DAPO,1,36,400,0.09,0.6754701733589172,0.00915240217000246,,0.0020156775135546923,0.04416471719741821
repl_07,long DAPO,1,37,400,0.0925,0.6742590069770813,0.010334099642932415,0.026509171351790428,0.000807940901722759,0.045474372804164886
repl_07,long DAPO,1,38,400,0.095,0.6609586477279663,0.012045348063111305,,0.0011149401543661952,0.06138700991868973
repl_07,long DAPO,1,39,400,0.0975,0.6869839429855347,0.009120965376496315,,0.0007664513541385531,0.0707724317908287
repl_07,long DAPO,1,40,400,0.1,0.6616998910903931,0.012936710380017757,,0.0012549473904073238,0.062114033848047256
repl_07,long DAPO,1,41,400,0.1025,0.6429901123046875,0.0121497493237257,,0.0017188693163916469,0.0793839618563652
repl_07,long DAPO,1,42,400,0.105,0.6401947736740112,0.009283519349992275,,0.0016125563997775316,0.05567575991153717
repl_07,long DAPO,1,43,400,0.1075,0.703995406627655,0.012165199965238571,0.020770594477653503,0.0006704659899696708,0.06688021868467331
repl_07,long DAPO,1,44,400,0.11,0.661540687084198,0.01173816155642271,,0.000556421116925776,0.10585970431566238
repl_07,long DAPO,1,45,400,0.1125,0.6163248419761658,0.009301826357841492,,0.0013467315584421158,0.04877571016550064
repl_07,long DAPO,1,46,400,0.115,0.635086178779602,0.010681056417524815,,0.0013347315834835172,0.06785809993743896
repl_07,long DAPO,1,47,400,0.1175,0.6475272178649902,0.008228286169469357,,0.0024512417148798704,0.046246904879808426
repl_07,long DAPO,1,48,400,0.12,0.6666436791419983,0.01178047526627779,,0.002296451013535261,0.0570039264857769
repl_07,long DAPO,1,49,400,0.1225,0.7050875425338745,0.011573060415685177,0.044740479439496994,0.00037562212673947215,0.07056798785924911
repl_07,long DAPO,1,50,400,0.125,0.6803560256958008,0.01106248702853918,,0.0012224939418956637,0.05477297678589821
repl_07,long DAPO,1,51,400,0.1275,0.6756274104118347,0.00861879251897335,,0.0012552301632240415,0.07586774230003357
repl_07,long DAPO,1,52,400,0.13,0.6667622923851013,0.01345120370388031,,0.0008325624512508512,0.03309718519449234
repl_07,long DAPO,1,53,400,0.1325,0.6970177888870239,0.011033494025468826,,0.0013780432054772973,0.04692037031054497
repl_07,long DAPO,1,54,400,0.135,0.680063784122467,0.010554659180343151,,0.0013352620881050825,0.051048796623945236
repl_07,long DAPO,1,55,400,0.1375,0.718471109867096,0.013329465873539448,0.03112081252038479,0.0007525398395955563,0.05069464072585106
repl_07,long DAPO,1,56,400,0.14,0.6738919019699097,0.01265634037554264,,0.0012654223246499896,0.061842240393161774
repl_07,long DAPO,1,57,400,0.1425,0.664603590965271,0.009481091983616352,,0.0014700477477163076,0.07329706847667694
repl_07,long DAPO,1,58,400,0.145,0.6994234919548035,0.012391066178679466,,0.0010331912199035287,0.044639065861701965
repl_07,long DAPO,1,59,400,0.1475,0.6756533980369568,0.012620172463357449,,0.0015122873010113835,0.04551065340638161
repl_07,long DAPO,1,60,400,0.15,0.6709704995155334,0.014204023405909538,,0.001906577730551362,0.06558098644018173
repl_07,long DAPO,1,61,400,0.1525,0.6937963366508484,0.016462640836834908,0.02760068140923977,0.0006880733999423683,0.05734667554497719
repl_07,long DAPO,1,62,400,0.155,0.6687896251678467,0.020875850692391396,,0.0009796064114198089,0.09590671211481094
repl_07,long DAPO,1,63,400,0.1575,0.6851939558982849,0.018939804285764694,,0.001347190118394792,0.061031781136989594
repl_07,long DAPO,1,64,400,0.16,0.6715885996818542,0.022617964074015617,,0.001113461796194315,0.05815546214580536
repl_07,long DAPO,1,65,400,0.1625,0.6781222224235535,0.02366442233324051,,0.001100110006518662,0.07691283524036407
repl_07,long DAPO,1,66,400,0.165,0.7103989124298096,0.02428893744945526,,0.0020088814198970795,0.06735855340957642
repl_07,long DAPO,1,67,400,0.1675,0.6582475304603577,0.016357863321900368,0.045470189303159714,0.0006587615353055298,0.044221892952919006
repl_07,long DAPO,1,68,400,0.17,0.7107614278793335,0.032106880098581314,,0.0010190847096964717,0.045812685042619705
repl_07,long DAPO,1,69,400,0.1725,0.6900858283042908,0.018311742693185806,,0.001006238628178835,0.04583824425935745
repl_07,long DAPO,1,70,400,0.175,0.6845365166664124,0.020011378452181816,,0.0014513788046315312,0.04185359552502632
repl_07,long DAPO,1,71,400,0.1775,0.6881195306777954,0.019491329789161682,,0.0015418714610859752,0.0998813658952713
repl_07,long DAPO,1,72,400,0.18,0.676848292350769,0.029132062569260597,,0.0017651431262493134,0.04460172355175018
repl_07,long DAPO,1,73,400,0.1825,0.6506704688072205,0.016617463901638985,0.024907972663640976,0.0008917954983189702,0.05293389409780502
repl_07,long DAPO,1,74,400,0.185,0.6762195229530334,0.03409676253795624,,0.0009426057804375887,0.04125099629163742
repl_07,long DAPO,1,75,400,0.1875,0.6787352561950684,0.026211943477392197,,0.0015644555678591132,0.044510260224342346
repl_07,long DAPO,1,76,400,0.19,0.6602027416229248,0.021938137710094452,,0.0011633109534159303,0.07126061618328094
repl_07,long DAPO,1,77,400,0.1925,0.6602126955986023,0.015548697672784328,,0.0014958863612264395,0.07075972110033035
repl_07,long DAPO,1,78,400,0.195,0.656882643699646,0.016359075903892517,,0.0020082443952560425,0.04648227244615555
repl_07,long DAPO,1,79,400,0.1975,0.6991606950759888,0.01425179187208414,0.0039028823375701904,0.0005860977689735591,0.06677289307117462
repl_07,long DAPO,1,80,400,0.2,0.6486681699752808,0.01449753250926733,,0.001310303807258606,0.04975434020161629
repl_07,long DAPO,1,81,400,0.2025,0.6790128946304321,0.013709108345210552,,0.0014133506920188665,0.07499176263809204
repl_07,long DAPO,1,82,400,0.205,0.6740407943725586,0.012537185102701187,,0.0013338183052837849,0.05778015777468681
repl_07,long DAPO,1,83,400,0.2075,0.6687816977500916,0.013448393903672695,,0.0014031300088390708,0.07723694294691086
repl_07,long DAPO,1,84,400,0.21,0.6448299288749695,0.014074612408876419,,0.0022084806114435196,0.048054952174425125
repl_07,long DAPO,1,85,400,0.2125,0.6797272562980652,0.01090323831886053,0.02115115337073803,0.0012454710667952895,0.07491027563810349
repl_07,long DAPO,1,86,400,0.215,0.6960887312889099,0.019359631463885307,,0.0014051992911845446,0.0519702173769474
repl_07,long DAPO,1,87,400,0.2175,0.6647719144821167,0.01283269189298153,,0.001392011996358633,0.054969750344753265
repl_07,long DAPO,1,88,400,0.22,0.6615060567855835,0.01594582200050354,,0.0014510779874399304,0.06885267794132233
repl_07,long DAPO,1,89,400,0.2225,0.6542078256607056,0.013962573371827602,,0.0012896825792267919,0.07746540755033493
repl_07,long DAPO,1,90,400,0.225,0.6813136339187622,0.013633965514600277,,0.001970329089090228,0.06317650526762009
repl_07,long DAPO,1,91,400,0.2275,0.6906810998916626,0.017174415290355682,0.06660251319408417,0.0012628715485334396,0.07627430558204651
repl_07,long DAPO,1,92,400,0.23,0.6730707883834839,0.013528836891055107,,0.0013861615443602204,0.06069028005003929
repl_07,long DAPO,1,93,400,0.2325,0.6769367456436157,0.021234577521681786,,0.001916788867674768,0.06159401312470436
repl_07,long DAPO,1,94,400,0.235,0.6735926270484924,0.013879993930459023,,0.001768346643075347,0.0533016175031662
repl_07,long DAPO,1,95,400,0.2375,0.6904343366622925,0.02470284327864647,,0.0021854510996490717,0.05114201083779335
repl_07,long DAPO,1,96,400,0.24,0.692486047744751,0.020870693027973175,,0.0027116972487419844,0.045873355120420456
repl_07,long DAPO,1,97,400,0.2425,0.6459652185440063,0.016259633004665375,0.012454014271497726,0.0011600927682593465,0.05922303721308708
repl_07,long DAPO,1,98,400,0.245,0.7182341814041138,0.014004160650074482,,0.0010257462272420526,0.07738498598337173
repl_07,long DAPO,1,99,400,0.2475,0.6912462711334229,0.01665540039539337,,0.00095816032262519,0.05091094970703125
repl_07,long DAPO,1,100,400,0.25,0.6505982279777527,0.01628260314464569,,0.0019290123600512743,0.054605044424533844
repl_07,long DAPO,1,101,400,0.2525,0.6565960645675659,0.016444118693470955,,0.0010749220382422209,0.047406625002622604
repl_07,long DAPO,1,102,400,0.255,0.6792470812797546,0.015971068292856216,,0.0018581266049295664,0.05024264380335808
repl_07,long DAPO,1,103,400,0.2575,0.7178395986557007,0.015939921140670776,0.0560007207095623,0.0008672086987644434,0.05311742424964905
repl_07,long DAPO,1,104,400,0.26,0.7297285199165344,0.017923038452863693,,0.0013256206875666976,0.06497982889413834
repl_07,long DAPO,1,105,400,0.2625,0.6697965264320374,0.015351640060544014,,0.0005576001130975783,0.052489347755908966
repl_07,long DAPO,1,106,400,0.265,0.7130194306373596,0.01427897997200489,,0.0011674059787765145,0.0625753328204155
repl_07,long DAPO,1,107,400,0.2675,0.665906548500061,0.016981910914182663,,0.0010655816877260804,0.05031144618988037
repl_07,long DAPO,1,108,400,0.27,0.7164745926856995,0.011837861500680447,,0.001427273964509368,0.0574510283768177
repl_07,long DAPO,1,109,400,0.2725,0.6968916654586792,0.02842264249920845,0.050056904554367065,0.00022925263328943402,0.05726126953959465
repl_07,long DAPO,1,110,400,0.275,0.6950922608375549,0.02427762746810913,,0.000918168225325644,0.05561123788356781
repl_07,long DAPO,1,111,400,0.2775,0.6977923512458801,0.01349161472171545,,0.0007993605104275048,0.06602653861045837
repl_07,long DAPO,1,112,400,0.28,0.7082078456878662,0.016710445284843445,,0.000895355362445116,0.04939715191721916
repl_07,long DAPO,1,113,400,0.2825,0.7124627232551575,0.021580582484602928,,0.0017489069141447544,0.055157370865345
repl_07,long DAPO,1,114,400,0.285,0.7048068642616272,0.02200339175760746,,0.0017504118150100112,0.06840262562036514
repl_07,long DAPO,1,115,400,0.2875,0.7411037683486938,0.018439752981066704,0.042208410799503326,0.0012936610728502274,0.0746946930885315
repl_07,long DAPO,1,116,400,0.29,0.7366685271263123,0.014795642346143723,,0.0014366096584126353,0.06538032740354538
repl_07,long DAPO,1,117,400,0.2925,0.6843644976615906,0.02720377780497074,,0.0009795385412871838,0.049739740788936615
repl_07,long DAPO,1,118,400,0.295,0.6882621645927429,0.017040656879544258,,0.0008364201057702303,0.05124722421169281
repl_07,long DAPO,1,119,400,0.2975,0.6992256045341492,0.023707956075668335,,0.0021432600915431976,0.054483477026224136
repl_07,long DAPO,1,120,400,0.3,0.6985620260238647,0.021219627931714058,,0.0028458843007683754,0.05746515467762947
repl_07,long DAPO,1,121,400,0.3025,0.692164957523346,0.029859190806746483,0.01656583696603775,0.0014337708707898855,0.07128550857305527
repl_07,long DAPO,1,122,400,0.305,0.7049375772476196,0.022561196237802505,,0.0014727540547028184,0.05208367481827736
repl_07,long DAPO,1,123,400,0.3075,0.6811949014663696,0.03133689984679222,,0.0012683648383244872,0.06284638494253159
repl_07,long DAPO,1,124,400,0.31,0.6738277673721313,0.049007248133420944,,0.0023134760558605194,0.06751842051744461
repl_07,long DAPO,1,125,400,0.3125,0.6838266253471375,0.01874321512877941,,0.0027967335190624,0.08430235832929611
repl_07,long DAPO,1,126,400,0.315,0.6763540506362915,0.02743031084537506,,0.004446742590516806,0.06040521338582039
repl_07,long DAPO,1,127,400,0.3175,0.6522588133811951,0.030802594497799873,0.0388290137052536,0.0011142626171931624,0.0598701573908329
repl_07,long DAPO,1,128,400,0.32,0.6220827698707581,0.027849869802594185,,0.001933260471560061,0.059923119843006134
repl_07,long DAPO,1,129,400,0.3225,0.6723161339759827,0.029727205634117126,,0.0016492578433826566,0.06295040994882584
repl_07,long DAPO,1,130,400,0.325,0.6340844035148621,0.025279980152845383,,0.0020093063358217478,0.046366386115550995
repl_07,long DAPO,1,131,400,0.3275,0.687605619430542,0.03961876407265663,,0.002299114828929305,0.04355637729167938
repl_07,long DAPO,1,132,400,0.33,0.6938132047653198,0.04296421632170677,,0.004878048785030842,0.06808789074420929
repl_07,long DAPO,1,133,400,0.3325,0.7323678731918335,0.05283587425947189,0.05743174999952316,0.0007517854683101177,0.051970068365335464
repl_07,long DAPO,1,134,400,0.335,0.7270992994308472,0.3548046946525574,,0.0010350776137784123,0.20314931869506836
repl_07,long DAPO,1,135,400,0.3375,0.7065391540527344,0.037473056465387344,,0.0011560693383216858,0.06355731189250946
repl_07,long DAPO,1,136,400,0.34,0.6962534785270691,0.04034080728888512,,0.001490312977693975,0.07302933186292648
repl_07,long DAPO,1,137,400,0.3425,0.7525209784507751,0.0368594266474247,,0.0019924987573176622,0.18587444722652435
repl_07,long DAPO,1,138,400,0.345,0.7518838047981262,0.029609989374876022,,0.0020168465562164783,0.07062794268131256
repl_07,long DAPO,1,139,400,0.3475,0.7218270301818848,0.03422793373465538,0.024685941636562347,0.0006511264364235103,0.041560932993888855
repl_07,long DAPO,1,140,400,0.35,0.7259501218795776,0.042882949113845825,,0.0007710100035183132,0.07373440265655518
repl_07,long DAPO,1,141,400,0.3525,0.7074952721595764,0.037069179117679596,,0.0016241299454122782,0.06288138031959534
repl_07,long DAPO,1,142,400,0.355,0.7091857194900513,0.04176703095436096,,0.0013211494078859687,0.0647675022482872
repl_07,long DAPO,1,143,400,0.3575,0.7497914433479309,0.03861821070313454,,0.0007028229883871973,0.0625004917383194
repl_07,long DAPO,1,144,400,0.36,0.70457524061203,0.05849853530526161,,0.0013759526191279292,0.0701281875371933
repl_07,long DAPO,1,145,400,0.3625,0.7077617049217224,0.20240461826324463,0.0309695303440094,0.0013452915009111166,0.06769891828298569
repl_07,long DAPO,1,146,400,0.365,0.6960527300834656,0.03943299502134323,,0.001301236217841506,0.07008076459169388
repl_07,long DAPO,1,147,400,0.3675,0.7316754460334778,0.0692654475569725,,0.001124718808569014,0.056081391870975494
repl_07,long DAPO,1,148,400,0.37,0.7165260910987854,0.046450745314359665,,0.0006421782891266048,0.05128179118037224
repl_07,long DAPO,1,149,400,0.3725,0.6947428584098816,0.03274364769458771,,0.0008078476530499756,0.06453284621238708
repl_07,long DAPO,1,150,400,0.375,0.700734555721283,0.09903813898563385,,0.00231660227291286,0.06861376017332077
repl_07,long DAPO,1,151,400,0.3775,0.710186243057251,0.035974059253931046,0.02918708696961403,0.00029044438269920647,0.05943629518151283
repl_07,long DAPO,1,152,400,0.38,0.706247091293335,0.04923133924603462,,0.0011232169345021248,0.04858505725860596
repl_07,long DAPO,1,153,400,0.3825,0.7074829339981079,0.04274286702275276,,0.001019679824821651,0.06951408088207245
repl_07,long DAPO,1,154,400,0.385,0.7261605858802795,0.04261191934347153,,0.001508750719949603,0.05609507858753204
repl_07,long DAPO,1,155,400,0.3875,0.7468652129173279,0.036795541644096375,,0.000870890507940203,0.05410992354154587
repl_07,long DAPO,1,156,400,0.39,0.7108107805252075,0.044177811592817307,,0.0016678827814757824,0.0502672977745533
repl_07,long DAPO,1,157,400,0.3925,0.7152528166770935,0.04877162352204323,0.01643257401883602,0.00035536603536456823,0.05312010273337364
repl_07,long DAPO,1,158,400,0.395,0.6669367551803589,0.03900885581970215,,0.0009561371989548206,0.0511111281812191
repl_07,long DAPO,1,159,400,0.3975,0.6986621618270874,0.030359512194991112,,0.0010070493444800377,0.04777093604207039
repl_07,long DAPO,1,160,400,0.4,0.6548277139663696,0.03563234955072403,,0.0012777326628565788,0.05803745985031128
repl_07,long DAPO,1,161,400,0.4025,0.7343747615814209,0.06906874477863312,,0.002130152191966772,0.07575894147157669
repl_07,long DAPO,1,162,400,0.405,0.7071964740753174,0.07950393855571747,,0.0020792295690625906,0.061622876673936844
repl_07,long DAPO,1,163,400,0.4075,0.707645833492279,0.04370090365409851,0.001239724806509912,0.0012422360014170408,0.04661418870091438
repl_07,long DAPO,1,164,400,0.41,0.7105110287666321,0.056386157870292664,,0.0012012667721137404,0.05901794135570526
repl_07,long DAPO,1,165,400,0.4125,0.7090892791748047,0.04107646271586418,,0.0010690613416954875,0.052126191556453705
repl_07,long DAPO,1,166,400,0.415,0.7268348336219788,0.03407523036003113,,0.0011033874470740557,0.05491063743829727
repl_07,long DAPO,1,167,400,0.4175,0.7362179756164551,0.04336024820804596,,0.0016256638336926699,0.055129524320364
repl_07,long DAPO,1,168,400,0.42,0.7147558331489563,0.04353303462266922,,0.0016336533008143306,0.04799342527985573
repl_07,long DAPO,1,169,400,0.4225,0.7033860087394714,0.05648747831583023,0.07680455595254898,0.0,0.06396622210741043
repl_07,long DAPO,1,170,400,0.425,0.7076750993728638,0.055589258670806885,,0.00046641789958812296,0.04625287652015686
repl_07,long DAPO,1,171,400,0.4275,0.7323252558708191,0.04975823685526848,,0.0010718113044276834,0.05684879794716835
repl_07,long DAPO,1,172,400,0.43,0.7036734819412231,0.04716609790921211,,0.001564192003570497,0.05869461968541145
repl_07,long DAPO,1,173,400,0.4325,0.6838424801826477,0.02624003402888775,,0.0019560963846743107,0.10202790796756744
repl_07,long DAPO,1,174,400,0.435,0.7208377122879028,0.02345474436879158,,0.0008330357959493995,0.08674938976764679
repl_07,long DAPO,1,175,400,0.4375,0.743852972984314,0.07447422295808792,0.043516650795936584,0.0009918175637722015,0.05713729187846184
repl_07,long DAPO,1,176,400,0.44,0.724434494972229,0.07484767585992813,,0.0005897617083974183,0.054104674607515335
repl_07,long DAPO,1,177,400,0.4425,0.7148638367652893,0.04992888122797012,,0.001080497051589191,0.06065104529261589
repl_07,long DAPO,1,178,400,0.445,0.6702408194541931,0.04546201229095459,,0.001286399201489985,0.06262487173080444
repl_07,long DAPO,1,179,400,0.4475,0.6931374073028564,0.03615251183509827,,0.001422843080945313,0.061438653618097305
repl_07,long DAPO,1,180,400,0.45,0.7257887721061707,0.043034251779317856,,0.0007750936783850193,0.059270229190588
repl_07,long DAPO,1,181,400,0.4525,0.7359423637390137,0.04730519279837608,0.012815749272704124,0.0007644424913451076,0.05962881073355675
repl_07,long DAPO,1,182,400,0.455,0.7523998618125916,0.03983510658144951,,0.0009033423848450184,0.061047766357660294
repl_07,long DAPO,1,183,400,0.4575,0.6884784698486328,0.6456083059310913,,0.001708054100163281,0.1379227191209793
repl_07,long DAPO,1,184,400,0.46,0.7353966236114502,0.3965736925601959,,0.000708466162905097,0.10950642079114914
repl_07,long DAPO,1,185,400,0.4625,0.6985809803009033,0.05455147847533226,,0.0010809748200699687,0.06533419340848923
repl_07,long DAPO,1,186,400,0.465,0.6818498969078064,0.05145819112658501,,0.0013157895300537348,0.06624996662139893
repl_07,long DAPO,1,187,400,0.4675,0.7462317943572998,0.03789198026061058,0.04681271314620972,0.000702329387422651,0.07418975234031677
repl_07,long DAPO,1,188,400,0.47,0.742282509803772,0.03250281512737274,,0.0011403952958062291,0.048987340182065964
repl_07,long DAPO,1,189,400,0.4725,0.7388108372688293,0.047614868730306625,,0.0008716495940461755,0.05174209177494049
repl_07,long DAPO,1,190,400,0.475,0.7050650715827942,0.040346093475818634,,0.0021989005617797375,0.07090067863464355
repl_07,long DAPO,1,191,400,0.4775,0.7272701263427734,0.04562089964747429,,0.0011090163607150316,0.04869547486305237
repl_07,long DAPO,1,192,400,0.48,0.7088661789894104,0.04981674626469612,,0.0015736593632027507,0.06089623644948006
repl_07,long DAPO,1,193,400,0.4825,0.7501197457313538,0.050341129302978516,0.02481982670724392,0.0011153245577588677,0.08998962491750717
repl_07,long DAPO,1,194,400,0.485,0.7310473322868347,0.05083408206701279,,0.0010638297535479069,0.045087069272994995
repl_07,long DAPO,1,195,400,0.4875,0.7522162199020386,0.04895453155040741,,0.0015467903576791286,0.06250936537981033
repl_07,long DAPO,1,196,400,0.49,0.7693593502044678,0.05074695870280266,,0.0005542008439078927,0.05070953443646431
repl_07,long DAPO,1,197,400,0.4925,0.7280938029289246,0.03800592198967934,,0.0006908121868036687,0.041621338576078415
repl_07,long DAPO,1,198,400,0.495,0.7620331645011902,0.05794510245323181,,0.0008483562851324677,0.06670653820037842
repl_07,long DAPO,1,199,400,0.4975,0.7508339881896973,0.03168568015098572,0.020888706669211388,0.0007173601188696921,0.05806802213191986
repl_07,long DAPO,1,200,400,0.5,0.7356281280517578,0.06140939146280289,,0.000535676022991538,0.05176809802651405
repl_07,long DAPO,1,201,400,0.5025,0.7621546387672424,0.04502979293465614,,0.0004884601221419871,0.050930239260196686
repl_07,long DAPO,1,202,400,0.505,0.7604782581329346,0.046668075025081635,,0.0011462047696113586,0.08532925695180893
repl_07,long DAPO,1,203,400,0.5075,0.7367722988128662,0.04689725488424301,,0.001102130743674934,0.057061873376369476
repl_07,long DAPO,1,204,400,0.51,0.7511125802993774,0.04362098500132561,,0.0008043203270062804,0.05771806463599205
repl_07,long DAPO,1,205,400,0.5125,0.7739269137382507,0.07358721643686295,0.07687784731388092,0.0014328358229249716,0.05057365819811821
repl_07,long DAPO,1,206,400,0.515,0.7668996453285217,0.08530768007040024,,0.000822755042463541,0.05236031115055084
repl_07,long DAPO,1,207,400,0.5175,0.7798693180084229,0.04913147911429405,,0.0017715838039293885,0.05899382382631302
repl_07,long DAPO,1,208,400,0.52,0.7403097748756409,0.053222235292196274,,0.0010908694239333272,0.05000705271959305
repl_07,long DAPO,1,209,400,0.5225,0.7599377036094666,0.19230197370052338,,0.0005456033395603299,0.08362552523612976
repl_07,long DAPO,1,210,400,0.525,0.7369131445884705,0.1862461268901825,,0.0023685991764068604,0.07858975976705551
repl_07,long DAPO,1,211,400,0.5275,0.7722682356834412,0.06569547951221466,0.04351511597633362,0.0007984828553162515,0.06955256313085556
repl_07,long DAPO,1,212,400,0.53,0.7562901973724365,0.06193333491683006,,0.0005430650780908763,0.047156136482954025
repl_07,long DAPO,1,213,400,0.5325,0.7376977205276489,0.046491727232933044,,0.0012587253004312515,0.04876186326146126
repl_07,long DAPO,1,214,400,0.535,0.7892079949378967,0.05775824561715126,,0.0007932011503726244,0.04279834404587746
repl_07,long DAPO,1,215,400,0.5375,0.763996958732605,0.05569323152303696,,0.0011796626495197415,0.048799917101860046
repl_07,long DAPO,1,216,400,0.54,0.7611124515533447,0.054927676916122437,,0.0008998585981316864,0.0532340332865715
repl_07,long DAPO,1,217,400,0.5425,0.7620499134063721,0.04528883844614029,0.03368910774588585,0.0004523351672105491,0.04741732403635979
repl_07,long DAPO,1,218,400,0.545,0.7534878849983215,0.05935459956526756,,0.0006974195712246001,0.04492923244833946
repl_07,long DAPO,1,219,400,0.5475,0.7806369662284851,0.05456586182117462,,0.0015364916762337089,0.07581067085266113
repl_07,long DAPO,1,220,400,0.55,0.7397155165672302,0.057770054787397385,,0.0013377926079556346,0.04092324525117874
repl_07,long DAPO,1,221,400,0.5525,0.7636041045188904,0.06228404492139816,,0.0010509721469134092,0.05693114548921585
repl_07,long DAPO,1,222,400,0.555,0.7517105340957642,0.05745702609419823,,0.0012023171875625849,0.07495526969432831
repl_07,long DAPO,1,223,400,0.5575,0.7881628274917603,0.06221649423241615,0.03231785446405411,0.000968366686720401,0.0633605569601059
repl_07,long DAPO,1,224,400,0.56,0.8069142699241638,0.04552682489156723,,0.0003415300452616066,0.04084935039281845
repl_07,long DAPO,1,225,400,0.5625,0.7710129618644714,0.050794340670108795,,0.0009914077818393707,0.05201813951134682
repl_07,long DAPO,1,226,400,0.565,0.7730778455734253,0.053110767155885696,,0.0009585889638401568,0.07454093545675278
repl_07,long DAPO,1,227,400,0.5675,0.7881894707679749,0.04597610607743263,,0.0007072850130498409,0.0561210922896862
repl_07,long DAPO,1,228,400,0.57,0.7677885293960571,0.04066905751824379,,0.0013990206643939018,0.07915212213993073
repl_07,long DAPO,1,229,400,0.5725,0.7812277674674988,0.04503918066620827,0.0323457345366478,0.00031982941436581314,0.06345461308956146
repl_07,long DAPO,1,230,400,0.575,0.788817822933197,0.06783657521009445,,0.0007025996455922723,0.059293266385793686
repl_07,long DAPO,1,231,400,0.5775,0.7512276768684387,0.04613877460360527,,0.0007680491544306278,0.05380119010806084
repl_07,long DAPO,1,232,400,0.58,0.8044172525405884,0.052386682480573654,,0.0006871502846479416,0.08013574033975601
repl_07,long DAPO,1,233,400,0.5825,0.7820170521736145,0.040098924189805984,,0.0011608273489400744,0.04606201499700546
repl_07,long DAPO,1,234,400,0.585,0.7844690084457397,0.04978799447417259,,0.0007141399546526372,0.04798907786607742
repl_07,long DAPO,1,235,400,0.5875,0.7416468262672424,0.051276277750730515,0.009433901868760586,0.00045449379831552505,0.04728662222623825
repl_07,long DAPO,1,236,400,0.59,0.7579880356788635,0.04267771169543266,,0.0006784918368794024,0.0722329318523407
repl_07,long DAPO,1,237,400,0.5925,0.7753400802612305,0.05995970219373703,,0.0010743446182459593,0.07961547374725342
repl_07,long DAPO,1,238,400,0.595,0.7104929685592651,0.04245536029338837,,0.0011858879588544369,0.06143811345100403
repl_07,long DAPO,1,239,400,0.5975,0.7637143135070801,0.04309261962771416,,0.0008788204286247492,0.06287261843681335
repl_07,long DAPO,1,240,400,0.6,0.7531516551971436,0.05083334445953369,,0.0014087152667343616,0.05831208825111389
repl_07,long DAPO,1,241,400,0.6025,0.7672433853149414,0.042910508811473846,0.024794846773147583,0.0007150518358685076,0.04514072462916374
repl_07,long DAPO,1,242,400,0.605,0.8012763261795044,0.08486764132976532,,0.0005931901978328824,0.05777318775653839
repl_07,long DAPO,1,243,400,0.6075,0.7947699427604675,0.051937285810709,,0.00112050527241081,0.06310050189495087
repl_07,long DAPO,1,244,400,0.61,0.7810107469558716,0.042093515396118164,,0.00048053820501081645,0.06694839894771576
repl_07,long DAPO,1,245,400,0.6125,0.7919568419456482,0.03587785363197327,,0.0006761325057595968,0.060355294495821
repl_07,long DAPO,1,246,400,0.615,0.7839065790176392,0.07819338142871857,,0.0008736485615372658,0.05916223302483559
repl_07,long DAPO,1,247,400,0.6175,0.7711935639381409,0.043144360184669495,0.03870292752981186,0.0008259343449026346,0.06250829249620438
repl_07,long DAPO,1,248,400,0.62,0.784234881401062,0.04250350594520569,,0.0007461095810867846,0.04903356358408928
repl_07,long DAPO,1,249,400,0.6225,0.7803940773010254,0.0417511872947216,,0.0016269610496237874,0.0436536967754364
repl_07,long DAPO,1,250,400,0.625,0.7728203535079956,0.036020923405885696,,0.0004866772214882076,0.043453823775053024
repl_07,long DAPO,1,251,400,0.6275,0.7811511158943176,0.056962281465530396,,0.0012793566565960646,0.05223619192838669
repl_07,long DAPO,1,252,400,0.63,0.7875440120697021,0.030426612123847008,,0.0009538571466691792,0.05219893902540207
repl_07,long DAPO,1,253,400,0.6325,0.7252574563026428,0.04111387953162193,0.014793465845286846,0.0008643872570246458,0.059331923723220825
repl_07,long DAPO,1,254,400,0.635,0.7099724411964417,0.074771948158741,,0.0007522332016378641,0.07228256016969681
repl_07,long DAPO,1,255,400,0.6375,0.7588059902191162,0.03579017147421837,,0.0006002400768920779,0.03782699629664421
repl_07,long DAPO,1,256,400,0.64,0.7696930170059204,0.04473286494612694,,0.0012067578500136733,0.0587952621281147
repl_07,long DAPO,1,257,400,0.6425,0.7868684530258179,0.037002041935920715,,0.0014430014416575432,0.050654467195272446
repl_07,long DAPO,1,258,400,0.645,0.8088559508323669,0.03506781905889511,,0.0010886777890846133,0.06056341528892517
repl_07,long DAPO,1,259,400,0.6475,0.7601341009140015,0.031481530517339706,0.036016784608364105,0.0010046885581687093,0.04185812547802925
repl_07,long DAPO,1,260,400,0.65,0.7654357552528381,0.040921423584222794,,0.0006370103219524026,0.04662699997425079
repl_07,long DAPO,1,261,400,0.6525,0.7859622240066528,0.03048582188785076,,0.0011900512035936117,0.0455523245036602
repl_07,long DAPO,1,262,400,0.655,0.7881563305854797,0.04568120464682579,,0.0003343363350722939,0.04458649083971977
repl_07,long DAPO,1,263,400,0.6575,0.7512728571891785,0.03150413557887077,,0.0008457056828774512,0.05549909919500351
repl_07,long DAPO,1,264,400,0.66,0.7748309969902039,0.0326743982732296,,0.0007789028459228575,0.05489293858408928
repl_07,long DAPO,1,265,400,0.6625,0.7429978847503662,0.030434366315603256,0.029742121696472168,0.000995465088635683,0.049241211265325546
repl_07,long DAPO,1,266,400,0.665,0.789415180683136,0.03102380409836769,,0.0009152719867415726,0.0694856271147728
repl_07,long DAPO,1,267,400,0.6675,0.8295819759368896,0.030040312558412552,,0.0009995002765208483,0.0581449419260025
repl_07,long DAPO,1,268,400,0.67,0.7485879063606262,0.030283663421869278,,0.0005901097320020199,0.08117387443780899
repl_07,long DAPO,1,269,400,0.6725,0.8198342323303223,0.031220532953739166,,0.0011329305125400424,0.05018108710646629
repl_07,long DAPO,1,270,400,0.675,0.7729595899581909,0.02834356389939785,,0.0008455467759631574,0.05461280792951584
repl_07,long DAPO,1,271,400,0.6775,0.7726467847824097,0.0348815992474556,0.013641035184264183,0.0008180330623872578,0.06332100182771683
repl_07,long DAPO,1,272,400,0.68,0.7533825039863586,0.035380441695451736,,0.0012610340490937233,0.0590578131377697
repl_07,long DAPO,1,273,400,0.6825,0.7591689229011536,0.077916719019413,,0.0011176590342074633,0.04695168882608414
repl_07,long DAPO,1,274,400,0.685,0.7784316539764404,0.03926209732890129,,0.0008278145687654614,0.04545074701309204
repl_07,long DAPO,1,275,400,0.6875,0.7774025201797485,0.03096633218228817,,0.0008040432003326714,0.052628807723522186
repl_07,long DAPO,1,276,400,0.69,0.7875242233276367,0.03998296335339546,,0.0012123883934691548,0.05165113881230354
repl_07,long DAPO,1,277,400,0.6925,0.7548924088478088,0.03246660158038139,0.03594432771205902,0.0012146643130108714,0.06329207867383957
repl_07,long DAPO,1,278,400,0.695,0.7413644790649414,0.04020171985030174,,0.0011718750465661287,0.049737248569726944
repl_07,long DAPO,1,279,400,0.6975,0.7953884601593018,0.03690468892455101,,0.0004799846501555294,0.07978183776140213
repl_07,long DAPO,1,280,400,0.7,0.817704975605011,0.03553834557533264,,0.0008224650518968701,0.04303722828626633
repl_07,long DAPO,1,281,400,0.7025,0.7929185032844543,0.0343998558819294,,0.0010682492284104228,0.05521105229854584
repl_07,long DAPO,1,282,400,0.705,0.7626023888587952,0.03522849455475807,,0.0015002884902060032,0.03828902170062065
repl_07,long DAPO,1,283,400,0.7075,0.7959883809089661,0.028036553412675858,0.03586806356906891,0.0007346639176830649,0.05223293974995613
repl_07,long DAPO,1,284,400,0.71,0.7847658395767212,0.03875793144106865,,0.0004952456220053136,0.04702295362949371
repl_07,long DAPO,1,285,400,0.7125,0.7724385857582092,0.035889409482479095,,0.0015977844595909119,0.05706089362502098
repl_07,long DAPO,1,286,400,0.715,0.7872875928878784,0.03919433802366257,,0.0006444129394367337,0.05227624624967575
repl_07,long DAPO,1,287,400,0.7175,0.7980079054832458,0.02996477484703064,,0.001246623694896698,0.05657937005162239
repl_07,long DAPO,1,288,400,0.72,0.7876272797584534,0.03048899583518505,,0.0008865247946232557,0.053833287209272385
repl_07,long DAPO,1,289,400,0.7225,0.7643153667449951,0.04013952985405922,0.030400140210986137,0.00034670057357288897,0.06085687503218651
repl_07,long DAPO,1,290,400,0.725,0.8100559115409851,0.025958899408578873,,0.0008891146862879395,0.05955636873841286
repl_07,long DAPO,1,291,400,0.7275,0.8000797629356384,0.03644929826259613,,0.0010204081190750003,0.04444075748324394
repl_07,long DAPO,1,292,400,0.73,0.8395562171936035,0.028201064094901085,,0.0008055854123085737,0.06435569375753403
repl_07,long DAPO,1,293,400,0.7325,0.8087152242660522,0.02800368331372738,,0.0014018096262589097,0.055112604051828384
repl_07,long DAPO,1,294,400,0.735,0.828257143497467,0.031082669273018837,,0.0009094009292311966,0.05542604625225067
repl_07,long DAPO,1,295,400,0.7375,0.8215478658676147,0.032532960176467896,0.07733061909675598,0.0009957680013030767,0.04683109000325203
repl_07,long DAPO,1,296,400,0.74,0.7672350406646729,0.027242612093687057,,0.0013080444186925888,0.05302559211850166
repl_07,long DAPO,1,297,400,0.7425,0.7788673043251038,0.036928001791238785,,0.0010426320368424058,0.07215852290391922
repl_07,long DAPO,1,298,400,0.745,0.7420547008514404,0.03715837746858597,,0.0013334815157577395,0.05974206328392029
repl_07,long DAPO,1,299,400,0.7475,0.7538868188858032,0.033928338438272476,,0.0009568360401317477,0.04719759151339531
repl_07,long DAPO,1,300,400,0.75,0.740325391292572,0.04935528710484505,,0.001683501643128693,0.05274492874741554
repl_07,long DAPO,1,301,400,0.7525,0.7899905443191528,0.03771873936057091,0.0157833993434906,0.0012813667999580503,0.05080163851380348
repl_07,long DAPO,1,302,400,0.755,0.7867936491966248,0.02987968921661377,,0.00098554533906281,0.05861183628439903
repl_07,long DAPO,1,303,400,0.7575,0.8059016466140747,0.03501670062541962,,0.00070049031637609,0.05187400057911873
repl_07,long DAPO,1,304,400,0.76,0.7807440757751465,0.03494183346629143,,0.0007008410175330937,0.04689257591962814
repl_07,long DAPO,1,305,400,0.7625,0.7910991311073303,0.03664860501885414,,0.001356993685476482,0.04571249708533287
repl_07,long DAPO,1,306,400,0.765,0.7932845950126648,0.04346047714352608,,0.001661129528656602,0.05897855386137962
repl_07,long DAPO,1,307,400,0.7675,0.8140615224838257,0.03511708974838257,0.04328865930438042,0.0006531678372994065,0.04744492098689079
repl_07,long DAPO,1,308,400,0.77,0.790407121181488,0.03478465974330902,,0.00047568080481141806,0.062390949577093124
repl_07,long DAPO,1,309,400,0.7725,0.7645522952079773,0.03029007464647293,,0.0005311238346621394,0.03826421871781349
repl_07,long DAPO,1,310,400,0.775,0.767318069934845,0.03356842324137688,,0.0008575409883633256,0.05287769436836243
repl_07,long DAPO,1,311,400,0.7775,0.8196564316749573,0.02813657373189926,,0.0003780241822823882,0.05447744205594063
repl_07,long DAPO,1,312,400,0.78,0.8010408878326416,0.037528734654188156,,0.0006591957644559443,0.061028119176626205
repl_07,long DAPO,1,313,400,0.7825,0.8100842237472534,0.03559068962931633,0.00601345207542181,0.00035663339076563716,0.053821828216314316
repl_07,long DAPO,1,314,400,0.785,0.7943034768104553,0.04121212661266327,,0.0010403662454336882,0.06355216354131699
repl_07,long DAPO,1,315,400,0.7875,0.7917519807815552,0.03219674155116081,,0.0005860290839336812,0.05371728911995888
repl_07,long DAPO,1,316,400,0.79,0.8000317811965942,0.032153259962797165,,0.0007095073815435171,0.04961339756846428
repl_07,long DAPO,1,317,400,0.7925,0.7931311726570129,0.043918877840042114,,0.0007145044510252774,0.06359183043241501
repl_07,long DAPO,1,318,400,0.795,0.7768213152885437,0.03797871619462967,,0.0005964807351119816,0.049009907990694046
repl_07,long DAPO,1,319,400,0.7975,0.7663453817367554,0.04572872072458267,0.031553272157907486,0.000637958524748683,0.05823489651083946
repl_07,long DAPO,1,320,400,0.8,0.7727305293083191,0.03191700950264931,,0.0006006006151437759,0.053863588720560074
repl_07,long DAPO,1,321,400,0.8025,0.7264828681945801,0.03241046518087387,,0.0005674724816344678,0.04799765720963478
repl_07,long DAPO,1,322,400,0.805,0.8095066547393799,0.038583315908908844,,0.0008700696052983403,0.05737517029047012
repl_07,long DAPO,1,323,400,0.8075,0.7946860790252686,0.04139595851302147,,0.0012725136475637555,0.05377255007624626
repl_07,long DAPO,1,324,400,0.81,0.7724087238311768,0.027142813429236412,,0.0005559261771850288,0.04834713786840439
repl_07,long DAPO,1,325,400,0.8125,0.7679412961006165,0.03282076120376587,0.022827498614788055,0.0003324836434330791,0.058651722967624664
repl_07,long DAPO,1,326,400,0.815,0.7608808279037476,0.13360144197940826,,0.0004059265193063766,0.06432736665010452
repl_07,long DAPO,1,327,400,0.8175,0.7735556364059448,0.043201953172683716,,0.00031996588222682476,0.0695902407169342
repl_07,long DAPO,1,328,400,0.82,0.7717077732086182,0.1301918476819992,,0.0011013215407729149,0.0682072713971138
repl_07,long DAPO,1,329,400,0.8225,0.7849729061126709,0.0305966604501009,,0.00046446817577816546,0.04059378057718277
repl_07,long DAPO,1,330,400,0.825,0.7626413106918335,0.04129675403237343,,0.0007322654710151255,0.05301899462938309
repl_07,long DAPO,1,331,400,0.8275,0.7942599654197693,0.03646668419241905,0.025975674390792847,0.0004894762532785535,0.04610715061426163
repl_07,long DAPO,1,332,400,0.83,0.8155054450035095,0.034300778061151505,,0.0010227563325315714,0.05424153804779053
repl_07,long DAPO,1,333,400,0.8325,0.7903681397438049,0.029287021607160568,,0.0004986287676729262,0.05562806501984596
repl_07,long DAPO,1,334,400,0.835,0.7903789281845093,0.03084743209183216,,0.0009176416788250208,0.06505447626113892
repl_07,long DAPO,1,335,400,0.8375,0.7412707209587097,0.04128593951463699,,0.0004583476693369448,0.06513387709856033
repl_07,long DAPO,1,336,400,0.84,0.8111258149147034,0.03152213990688324,,0.00040755330701358616,0.04760117456316948
repl_07,long DAPO,1,337,400,0.8425,0.8052095770835876,0.03817625716328621,0.03631225973367691,0.0007495549507439137,0.06010003760457039
repl_07,long DAPO,1,338,400,0.845,0.8016487956047058,0.03612753003835678,,0.0002241649926872924,0.051830485463142395
repl_07,long DAPO,1,339,400,0.8475,0.7980123162269592,0.049661364406347275,,0.0006003945600241423,0.0724649652838707
repl_07,long DAPO,1,340,400,0.85,0.8395110368728638,0.03495955094695091,,0.0011031439062207937,0.054406389594078064
repl_07,long DAPO,1,341,400,0.8525,0.7954192161560059,0.04083772376179695,,0.0004340277810115367,0.04583749547600746
repl_07,long DAPO,1,342,400,0.855,0.8301326632499695,0.03474021703004837,,0.0010601081885397434,0.04639086499810219
repl_07,long DAPO,1,343,400,0.8575,0.834140419960022,0.03666582703590393,0.0439133457839489,0.0010161662939935923,0.07296860218048096
repl_07,long DAPO,1,344,400,0.86,0.7684414386749268,0.03261484205722809,,0.0008222839096561074,0.04813136160373688
repl_07,long DAPO,1,345,400,0.8625,0.7972320318222046,0.02897009439766407,,0.0009982530027627945,0.0396772101521492
repl_07,long DAPO,1,346,400,0.865,0.8114820122718811,0.040616653859615326,,0.0009093664702959359,0.052265141159296036
repl_07,long DAPO,1,347,400,0.8675,0.8078370094299316,0.030181530863046646,,0.0004449883126653731,0.04571716487407684
repl_07,long DAPO,1,348,400,0.87,0.778684139251709,0.034117795526981354,,0.001385361305437982,0.06253375113010406
repl_07,long DAPO,1,349,400,0.8725,0.828162670135498,0.0342094749212265,0.0003006609040312469,0.0011414340697228909,0.07865774631500244
repl_07,long DAPO,1,350,400,0.875,0.7979131937026978,0.03197528049349785,,0.0013885382795706391,0.06785866618156433
repl_07,long DAPO,1,351,400,0.8775,0.8358141183853149,0.02903040312230587,,0.0005243151099421084,0.04847650229930878
repl_07,long DAPO,1,352,400,0.88,0.8078351616859436,0.040771786123514175,,0.0017793594161048532,0.04827091842889786
repl_07,long DAPO,1,353,400,0.8825,0.7960485219955444,0.03787922486662865,,0.0006276807398535311,0.07614345848560333
repl_07,long DAPO,1,354,400,0.885,0.8441945910453796,0.03264761343598366,,0.0007693293737247586,0.05690886825323105
repl_07,long DAPO,1,355,400,0.8875,0.7836098074913025,0.03928469866514206,0.036335136741399765,0.0007060485077090561,0.05507001280784607
repl_07,long DAPO,1,356,400,0.89,0.8032218813896179,0.044620659202337265,,0.0012848388869315386,0.047091711312532425
repl_07,long DAPO,1,357,400,0.8925,0.8226745128631592,0.04590761661529541,,0.00039261876372620463,0.053962647914886475
repl_07,long DAPO,1,358,400,0.895,0.8464047908782959,0.052251432090997696,,0.00032615786767564714,0.065541572868824
repl_07,long DAPO,1,359,400,0.8975,0.8266081809997559,0.03842217102646828,,0.0007701617432758212,0.04706550016999245
repl_07,long DAPO,1,360,400,0.9,0.7960928678512573,0.04763061925768852,,0.0006055101403035223,0.0764402374625206
repl_07,long DAPO,1,361,400,0.9025,0.811443030834198,0.03716174513101578,0.001561111188493669,0.00111403688788414,0.05953840911388397
repl_07,long DAPO,1,362,400,0.905,0.8099703192710876,0.0382271483540535,,0.00030574804986827075,0.04135468229651451
repl_07,long DAPO,1,363,400,0.9075,0.8098911046981812,0.03429171442985535,,0.0012395762605592608,0.04771028086543083
repl_07,long DAPO,1,364,400,0.91,0.7575309872627258,0.038336750119924545,,0.0009187423274852335,0.06002116948366165
repl_07,long DAPO,1,365,400,0.9125,0.7965927720069885,0.03701160475611687,,0.0014265335630625486,0.040292348712682724
repl_07,long DAPO,1,366,400,0.915,0.7935983538627625,0.041019465774297714,,0.0009444654569961131,0.05837385356426239
repl_07,long DAPO,1,367,400,0.9175,0.8214648962020874,0.040934205055236816,0.017493920400738716,0.0012550685787573457,0.05781850591301918
repl_07,long DAPO,1,368,400,0.92,0.8125321865081787,0.029583832249045372,,0.0010261673014611006,0.06366027146577835
repl_07,long DAPO,1,369,400,0.9225,0.7956351637840271,0.03836065158247948,,0.0015290520386770368,0.05649995058774948
repl_07,long DAPO,1,370,400,0.925,0.8002345561981201,0.03221617639064789,,0.0012651821598410606,0.05374914035201073
repl_07,long DAPO,1,371,400,0.9275,0.8245167136192322,0.03883799910545349,,0.0012338755186647177,0.04012047499418259
repl_07,long DAPO,1,372,400,0.93,0.8048637509346008,0.037138182669878006,,0.0011570056667551398,0.057288192212581635
repl_07,long DAPO,1,373,400,0.9325,0.788710355758667,0.037882398813962936,-0.01466253213584423,0.0007113821338862181,0.05317157506942749
repl_07,long DAPO,1,374,400,0.935,0.8305609822273254,0.03715575486421585,,0.0005965400487184525,0.06382524967193604
repl_07,long DAPO,1,375,400,0.9375,0.813755989074707,0.04119059070944786,,0.0012188261607661843,0.06108526140451431
repl_07,long DAPO,1,376,400,0.94,0.7748544812202454,0.03595186769962311,,0.0006962402840144932,0.05345127731561661
repl_07,long DAPO,1,377,400,0.9425,0.8351712226867676,0.038418691605329514,,0.00046500813914462924,0.04700687900185585
repl_07,long DAPO,1,378,400,0.945,0.785111129283905,0.03584827110171318,,0.0006574622238986194,0.05335915461182594
repl_07,long DAPO,1,379,400,0.9475,0.8125259876251221,0.05384251847863197,0.012951267883181572,0.00044913540477864444,0.052791304886341095
repl_07,long DAPO,1,380,400,0.95,0.8468913435935974,0.03672098368406296,,0.0005062266136519611,0.07402141392230988
repl_07,long DAPO,1,381,400,0.9525,0.8047240376472473,0.03763635829091072,,0.0007422330672852695,0.06461358815431595
repl_07,long DAPO,1,382,400,0.955,0.7843338847160339,0.04059416800737381,,0.0004179728275630623,0.05582742020487785
repl_07,long DAPO,1,383,400,0.9575,0.8140490651130676,0.038933154195547104,,0.0006861847941763699,0.06926145404577255
repl_07,long DAPO,1,384,400,0.96,0.7771217226982117,0.03936430439352989,,0.0009386733290739357,0.20359238982200623
repl_07,long DAPO,1,385,400,0.9625,0.7969631552696228,0.04714394733309746,-0.011678611859679222,0.0008358583436347544,0.05660192295908928
repl_07,long DAPO,1,386,400,0.965,0.8216643929481506,0.024370307102799416,,0.0007174630300141871,0.05282674357295036
repl_07,long DAPO,1,387,400,0.9675,0.8238354325294495,0.03781680762767792,,0.00031665610731579363,0.07015985995531082
repl_07,long DAPO,1,388,400,0.97,0.8095800280570984,0.03343457728624344,,0.000800548936240375,0.05994188040494919
repl_07,long DAPO,1,389,400,0.9725,0.8110674023628235,0.03093436360359192,,0.0009410657803528011,0.06468398869037628
repl_07,long DAPO,1,390,400,0.975,0.8165263533592224,0.03120613284409046,,0.0008059873362071812,0.050806354731321335
repl_07,long DAPO,1,391,400,0.9775,0.8084527254104614,0.04553000256419182,0.012044787406921387,0.0007244877051562071,0.04995899647474289
repl_07,long DAPO,1,392,400,0.98,0.7975741624832153,0.038731131702661514,,0.0008280716137960553,0.04374336823821068
repl_07,long DAPO,1,393,400,0.9825,0.7859571576118469,0.04177287593483925,,0.0007788161747157574,0.05940699949860573
repl_07,long DAPO,1,394,400,0.985,0.8089972138404846,0.04328586533665657,,0.0012975778663530946,0.06517521291971207
repl_07,long DAPO,1,395,400,0.9875,0.7781694531440735,0.0362238846719265,,0.001223309664055705,0.0703875944018364
repl_07,long DAPO,1,396,400,0.99,0.7965400815010071,0.0402996763586998,,0.0005538938567042351,0.06410649418830872
repl_07,long DAPO,1,397,400,0.9925,0.8038797974586487,0.04376097396016121,0.00870497152209282,0.0012479200959205627,0.07144135236740112
repl_07,long DAPO,1,398,400,0.995,0.8151751756668091,0.04467732831835747,,0.0008194802212528884,0.07313250005245209
repl_07,long DAPO,1,399,400,0.9975,0.8220822811126709,0.037530235946178436,,0.0007470651180483401,0.047485899180173874
repl_07,long DAPO,1,400,400,1.0,0.8283879160881042,0.03844449669122696,,0.0003203758969902992,0.06550611555576324
repl_07,long DAPO,1,400,400,1.0,,,,,
rotate_m3_confirm,seat rotate,1,1,150,0.006666666666666667,0.6432282328605652,0.0,-0.015164203010499477,0.0,0.045276518911123276
rotate_m3_confirm,seat rotate,1,2,150,0.013333333333333334,0.6918118596076965,0.0008303947979584336,,0.0009734728373587132,0.04597710445523262
rotate_m3_confirm,seat rotate,1,3,150,0.02,0.6259586215019226,0.0008269848767668009,,0.0012039730791002512,0.05517437681555748
rotate_m3_confirm,seat rotate,1,4,150,0.02666666666666667,0.645466148853302,0.0009108489030040801,,0.0014998929109424353,0.059939391911029816
rotate_m3_confirm,seat rotate,1,5,150,0.03333333333333333,0.6460281610488892,0.0008899800013750792,,0.001942166592925787,0.05396861955523491
rotate_m3_confirm,seat rotate,1,6,150,0.04,0.637757420539856,0.000897701655048877,,0.0019771528895944357,0.04783239960670471
rotate_m3_confirm,seat rotate,1,7,150,0.04666666666666667,0.6376329064369202,0.000987744308076799,0.018449656665325165,0.0007525870460085571,0.04606097191572189
rotate_m3_confirm,seat rotate,1,8,150,0.05333333333333334,0.6329982280731201,0.0009587922249920666,,0.0011438078945502639,0.04139215499162674
rotate_m3_confirm,seat rotate,1,9,150,0.06,0.644453227519989,0.0009435786050744355,,0.0009664948447607458,0.04234028980135918
rotate_m3_confirm,seat rotate,1,10,150,0.06666666666666667,0.6681082248687744,0.001084864023141563,,0.0012700273655354977,0.053700923919677734
rotate_m3_confirm,seat rotate,1,11,150,0.07333333333333333,0.6953436732292175,0.0010460566263645887,,0.0008447729633189738,0.047381069511175156
rotate_m3_confirm,seat rotate,1,12,150,0.08,0.6378300189971924,0.0012293830513954163,,0.0013931457651779056,0.05049678310751915
rotate_m3_confirm,seat rotate,1,13,150,0.08666666666666667,0.6497880816459656,0.0011547545436769724,-0.00046013545943424106,0.0011377740884199739,0.05890652537345886
rotate_m3_confirm,seat rotate,1,14,150,0.09333333333333334,0.6957855224609375,0.0011747245443984866,,0.001461454201489687,0.04669280722737312
rotate_m3_confirm,seat rotate,1,15,150,0.1,0.6418805718421936,0.0012686456320807338,,0.0013853367418050766,0.05681890994310379
rotate_m3_confirm,seat rotate,1,16,150,0.10666666666666667,0.6483948826789856,0.0013237615348771214,,0.0012008734047412872,0.048957373946905136
rotate_m3_confirm,seat rotate,1,17,150,0.11333333333333333,0.7032204866409302,0.0014220388839021325,,0.0015677491901442409,0.05238588899374008
rotate_m3_confirm,seat rotate,1,18,150,0.12,0.681901752948761,0.0015346567379310727,,0.0016175189521163702,0.0454275943338871
rotate_m3_confirm,seat rotate,1,19,150,0.12666666666666668,0.6485596299171448,0.0015250598080456257,0.00984132569283247,0.001187061076052487,0.05044456198811531
rotate_m3_confirm,seat rotate,1,20,150,0.13333333333333333,0.6709182858467102,0.0017232142854481936,,0.001392011996358633,0.05366240069270134
rotate_m3_confirm,seat rotate,1,21,150,0.14,0.7119983434677124,0.00164422660600394,,0.0017367141554132104,0.056587036699056625
rotate_m3_confirm,seat rotate,1,22,150,0.14666666666666667,0.6471713185310364,0.0016973621677607298,,0.0010549635626375675,0.084874726831913
rotate_m3_confirm,seat rotate,1,23,150,0.15333333333333332,0.6666433215141296,0.0016652039485052228,,0.0018577204318717122,0.04259028285741806
rotate_m3_confirm,seat rotate,1,24,150,0.16,0.669144868850708,0.0019320145947858691,,0.001912045874632895,0.10179772973060608
rotate_m3_confirm,seat rotate,1,25,150,0.16666666666666666,0.6913978457450867,0.0016425751382485032,-0.015455905348062515,0.001045782002620399,0.038149166852235794
rotate_m3_confirm,seat rotate,1,26,150,0.17333333333333334,0.6780377626419067,0.0017659153090789914,,0.0015478278510272503,0.06629429757595062
rotate_m3_confirm,seat rotate,1,27,150,0.18,0.6721374988555908,0.0020849667489528656,,0.0018348623998463154,0.06951218843460083
rotate_m3_confirm,seat rotate,1,28,150,0.18666666666666668,0.6673680543899536,0.001905763172544539,,0.001572790672071278,0.0481487438082695
rotate_m3_confirm,seat rotate,1,29,150,0.19333333333333333,0.6655071973800659,0.0022350745275616646,,0.0014897208893671632,0.059066787362098694
rotate_m3_confirm,seat rotate,1,30,150,0.2,0.6433570384979248,0.0021558969747275114,,0.0018373464699834585,0.04274559020996094
rotate_m3_confirm,seat rotate,1,31,150,0.20666666666666667,0.6444103717803955,0.002245396375656128,-0.0017265630885958672,0.00047094281762838364,0.054934874176979065
rotate_m3_confirm,seat rotate,1,32,150,0.21333333333333335,0.6681437492370605,0.0023931260220706463,,0.001327895326539874,0.051486268639564514
rotate_m3_confirm,seat rotate,1,33,150,0.22,0.6336830854415894,0.0026205985341221094,,0.0009556076838634908,0.05443849414587021
rotate_m3_confirm,seat rotate,1,34,150,0.22666666666666666,0.6628857851028442,0.002518356079235673,,0.0008438106742687523,0.0632796362042427
rotate_m3_confirm,seat rotate,1,35,150,0.23333333333333334,0.6854320764541626,0.0023207152262330055,,0.0019511075224727392,0.04543125629425049
rotate_m3_confirm,seat rotate,1,36,150,0.24,0.6565558314323425,0.002396379364654422,,0.001514998497441411,0.054990921169519424
rotate_m3_confirm,seat rotate,1,37,150,0.24666666666666667,0.6947611570358276,0.002382347360253334,0.005347933154553175,0.0007511535659432411,0.05390206351876259
rotate_m3_confirm,seat rotate,1,38,150,0.25333333333333335,0.700451135635376,0.002621820429340005,,0.0008529304177500308,0.05019314959645271
rotate_m3_confirm,seat rotate,1,39,150,0.26,0.7283494472503662,0.0024798125959932804,,0.0011556685203686357,0.05729161575436592
rotate_m3_confirm,seat rotate,1,40,150,0.26666666666666666,0.6852586269378662,0.0026491230819374323,,0.0013862231280654669,0.05478367954492569
rotate_m3_confirm,seat rotate,1,41,150,0.2733333333333333,0.692474365234375,0.002646705834195018,,0.001468788250349462,0.059691283851861954
rotate_m3_confirm,seat rotate,1,42,150,0.28,0.688456654548645,0.0031829257495701313,,0.0016250836197286844,0.06303084641695023
rotate_m3_confirm,seat rotate,1,43,150,0.2866666666666667,0.6697144508361816,0.0030690617859363556,0.01199494581669569,0.0004207868769299239,0.055950116366147995
rotate_m3_confirm,seat rotate,1,44,150,0.29333333333333333,0.7347413897514343,0.002815626561641693,,0.0008408408612012863,0.05017278343439102
rotate_m3_confirm,seat rotate,1,45,150,0.3,0.743888795375824,0.0030200479086488485,,0.0009763241396285594,0.04664839059114456
rotate_m3_confirm,seat rotate,1,46,150,0.30666666666666664,0.6952071785926819,0.003008076688274741,,0.0007303712773136795,0.056378502398729324
rotate_m3_confirm,seat rotate,1,47,150,0.31333333333333335,0.7114854454994202,0.003451185766607523,,0.000851788732688874,0.08420493453741074
rotate_m3_confirm,seat rotate,1,48,150,0.32,0.7272364497184753,0.003402750939130783,,0.0008676789584569633,0.047960445284843445
rotate_m3_confirm,seat rotate,1,49,150,0.32666666666666666,0.6988615393638611,0.003406284609809518,0.009340202435851097,0.0007607042207382619,0.0411161445081234
rotate_m3_confirm,seat rotate,1,50,150,0.3333333333333333,0.6909235715866089,0.003462450345978141,,0.0011541791027411819,0.044315312057733536
rotate_m3_confirm,seat rotate,1,51,150,0.34,0.6882164478302002,0.0040615336038172245,,0.0014974543591961265,0.0485566072165966
rotate_m3_confirm,seat rotate,1,52,150,0.3466666666666667,0.6582928895950317,0.003939712420105934,,0.001176470541395247,0.04595976695418358
rotate_m3_confirm,seat rotate,1,53,150,0.35333333333333333,0.7033664584159851,0.0036412086337804794,,0.0011399908689782023,0.04411841928958893
rotate_m3_confirm,seat rotate,1,54,150,0.36,0.6976377367973328,0.003619752125814557,,0.001465048175305128,0.04298437759280205
rotate_m3_confirm,seat rotate,1,55,150,0.36666666666666664,0.66733318567276,0.0037267033476382494,0.01032241526991129,0.0010786429047584534,0.05506904050707817
rotate_m3_confirm,seat rotate,1,56,150,0.37333333333333335,0.6811397671699524,0.0038526621647179127,,0.000871839583851397,0.05068053677678108
rotate_m3_confirm,seat rotate,1,57,150,0.38,0.6694823503494263,0.003796367673203349,,0.001274623442441225,0.03922030329704285
rotate_m3_confirm,seat rotate,1,58,150,0.38666666666666666,0.6665765047073364,0.004271758254617453,,0.0010012236889451742,0.045117396861314774
rotate_m3_confirm,seat rotate,1,59,150,0.3933333333333333,0.6756684184074402,0.004381054546684027,,0.0011560693383216858,0.05127981677651405
rotate_m3_confirm,seat rotate,1,60,150,0.4,0.6490048170089722,0.004530799109488726,,0.00176285021007061,0.06916134059429169
rotate_m3_confirm,seat rotate,1,61,150,0.4066666666666667,0.7138468027114868,0.00484764389693737,-0.03285261616110802,0.0015415629604831338,0.05680719390511513
rotate_m3_confirm,seat rotate,1,62,150,0.41333333333333333,0.697301983833313,0.004417009185999632,,0.0008674698765389621,0.07163111120462418
rotate_m3_confirm,seat rotate,1,63,150,0.42,0.7421630620956421,0.004493607208132744,,0.0011637748684734106,0.045356910675764084
rotate_m3_confirm,seat rotate,1,64,150,0.4266666666666667,0.7070549726486206,0.004212683532387018,,0.001056710141710937,0.05617965757846832
rotate_m3_confirm,seat rotate,1,65,150,0.43333333333333335,0.6948615908622742,0.004702256992459297,,0.0007957823690958321,0.0853026881814003
rotate_m3_confirm,seat rotate,1,66,150,0.44,0.690770149230957,0.0046584284864366055,,0.0013736264081671834,0.04697330296039581
rotate_m3_confirm,seat rotate,1,67,150,0.44666666666666666,0.7223814725875854,0.0046445950865745544,-0.021251410245895386,0.000910010130610317,0.059597454965114594
rotate_m3_confirm,seat rotate,1,68,150,0.4533333333333333,0.730316162109375,0.0045985388569533825,,0.0011307565728202462,0.06110061705112457
rotate_m3_confirm,seat rotate,1,69,150,0.46,0.6708996295928955,0.004755971021950245,,0.00041395012522116303,0.05150899291038513
rotate_m3_confirm,seat rotate,1,70,150,0.4666666666666667,0.7089897394180298,0.00480764452368021,,0.0013200074899941683,0.06200568005442619
rotate_m3_confirm,seat rotate,1,71,150,0.47333333333333333,0.7380667924880981,0.0044000823982059956,,0.000808220764156431,0.05316691845655441
rotate_m3_confirm,seat rotate,1,72,150,0.48,0.7334911823272705,0.004447305575013161,,0.0015641292557120323,0.07532349973917007
rotate_m3_confirm,seat rotate,1,73,150,0.4866666666666667,0.7138968110084534,0.005110438447445631,-0.0038869257550686598,0.0010281718568876386,0.049366340041160583
rotate_m3_confirm,seat rotate,1,74,150,0.49333333333333335,0.6860897541046143,0.006777352187782526,,0.0017803674563765526,0.09248623996973038
rotate_m3_confirm,seat rotate,1,75,150,0.5,0.6769663691520691,0.005776860751211643,,0.0006764592253603041,0.04114192724227905
rotate_m3_confirm,seat rotate,1,76,150,0.5066666666666667,0.6727190017700195,0.005757495760917664,,0.0018485914915800095,0.047286808490753174
rotate_m3_confirm,seat rotate,1,77,150,0.5133333333333333,0.6861949563026428,0.0058431182987987995,,0.000994844944216311,0.0841922014951706
rotate_m3_confirm,seat rotate,1,78,150,0.52,0.7016613483428955,0.004886926151812077,,0.0014777284814044833,0.05181187018752098
rotate_m3_confirm,seat rotate,1,79,150,0.5266666666666666,0.683831512928009,0.004650446120649576,-0.014224699698388577,0.0008880994864739478,0.04428703710436821
rotate_m3_confirm,seat rotate,1,80,150,0.5333333333333333,0.6790539026260376,0.005402710754424334,,0.0016652789199724793,0.04407030716538429
rotate_m3_confirm,seat rotate,1,81,150,0.54,0.6980041265487671,0.005211436655372381,,0.0014074594946578145,0.04797028377652168
rotate_m3_confirm,seat rotate,1,82,150,0.5466666666666666,0.6792576909065247,0.005205667112022638,,0.0011730830883607268,0.04955030605196953
rotate_m3_confirm,seat rotate,1,83,150,0.5533333333333333,0.6827929019927979,0.005263661500066519,,0.0016173532931134105,0.07403280586004257
rotate_m3_confirm,seat rotate,1,84,150,0.56,0.6789479851722717,0.005591799970716238,,0.0016775212716311216,0.061697881668806076
rotate_m3_confirm,seat rotate,1,85,150,0.5666666666666667,0.7161708474159241,0.005099589470773935,0.010797935537993908,0.001239797449670732,0.05454324930906296
rotate_m3_confirm,seat rotate,1,86,150,0.5733333333333334,0.7077804803848267,0.005522407591342926,,0.0014778325567021966,0.05641192942857742
rotate_m3_confirm,seat rotate,1,87,150,0.58,0.6916584968566895,0.007412285543978214,,0.000666476262267679,0.056648943573236465
rotate_m3_confirm,seat rotate,1,88,150,0.5866666666666667,0.7160632014274597,0.005291129928082228,,0.0019646366126835346,0.05405837669968605
rotate_m3_confirm,seat rotate,1,89,150,0.5933333333333334,0.7161273956298828,0.005684202536940575,,0.0016292888903990388,0.05602942407131195
rotate_m3_confirm,seat rotate,1,90,150,0.6,0.7058414220809937,0.004997504409402609,,0.001225836924277246,0.1376463621854782
rotate_m3_confirm,seat rotate,1,91,150,0.6066666666666667,0.7292393445968628,0.005660667549818754,-0.003875592490658164,0.0011150531936436892,0.05606351047754288
rotate_m3_confirm,seat rotate,1,92,150,0.6133333333333333,0.7360967993736267,0.005339615046977997,,0.0018773466581478715,0.054758355021476746
rotate_m3_confirm,seat rotate,1,93,150,0.62,0.6778562664985657,0.005407623015344143,,0.0013823610497638583,0.05318925529718399
rotate_m3_confirm,seat rotate,1,94,150,0.6266666666666667,0.7086633443832397,0.005184427369385958,,0.0012366034789010882,0.0473841167986393
rotate_m3_confirm,seat rotate,1,95,150,0.6333333333333333,0.695160984992981,0.005533130839467049,,0.0012496652780100703,0.05351205915212631
rotate_m3_confirm,seat rotate,1,96,150,0.64,0.7186891436576843,0.005323637742549181,,0.0018791693728417158,0.049964845180511475
rotate_m3_confirm,seat rotate,1,97,150,0.6466666666666666,0.720359742641449,0.005346398334950209,0.025517459958791733,0.0012012667721137404,0.04815298691391945
rotate_m3_confirm,seat rotate,1,98,150,0.6533333333333333,0.7132177948951721,0.005741353612393141,,0.0006437077536247671,0.04733008146286011
rotate_m3_confirm,seat rotate,1,99,150,0.66,0.704147219657898,0.005975345615297556,,0.001415967708453536,0.06352310627698898
rotate_m3_confirm,seat rotate,1,100,150,0.6666666666666666,0.7251113057136536,0.005447945557534695,,0.0007284079329110682,0.047412991523742676
rotate_m3_confirm,seat rotate,1,101,150,0.6733333333333333,0.7104026079177856,0.005727068055421114,,0.0011441647075116634,0.05061313137412071
rotate_m3_confirm,seat rotate,1,102,150,0.68,0.7454185485839844,0.005605963058769703,,0.0006216972251422703,0.04958255589008331
rotate_m3_confirm,seat rotate,1,103,150,0.6866666666666666,0.6780874133110046,0.006334157194942236,-0.0043117511086165905,0.001577872666530311,0.059131864458322525
rotate_m3_confirm,seat rotate,1,104,150,0.6933333333333334,0.7200326919555664,0.006750770844519138,,0.0012806829763576388,0.06121232733130455
rotate_m3_confirm,seat rotate,1,105,150,0.7,0.692855179309845,0.006055490579456091,,0.000544010428711772,0.05128352716565132
rotate_m3_confirm,seat rotate,1,106,150,0.7066666666666667,0.733566164970398,0.005556520540267229,,0.0008431703317910433,0.0593375489115715
rotate_m3_confirm,seat rotate,1,107,150,0.7133333333333334,0.7189050912857056,0.005296320654451847,,0.0008078360115177929,0.055061712861061096
rotate_m3_confirm,seat rotate,1,108,150,0.72,0.7034420967102051,0.00614205002784729,,0.0010771219385787845,0.05499757081270218
rotate_m3_confirm,seat rotate,1,109,150,0.7266666666666667,0.7438974380493164,0.005460286047309637,0.02825678139925003,0.0005418292130343616,0.05540012940764427
rotate_m3_confirm,seat rotate,1,110,150,0.7333333333333333,0.7480718493461609,0.00528827216476202,,0.0006942837499082088,0.0677238181233406
rotate_m3_confirm,seat rotate,1,111,150,0.74,0.7177606821060181,0.005625004414469004,,0.0008252770639955997,0.06296643614768982
rotate_m3_confirm,seat rotate,1,112,150,0.7466666666666667,0.7504293322563171,0.005328587722033262,,0.00023679848527535796,0.05599933862686157
rotate_m3_confirm,seat rotate,1,113,150,0.7533333333333333,0.7436885833740234,0.005101081915199757,,0.001172180287539959,0.047387368977069855
rotate_m3_confirm,seat rotate,1,114,150,0.76,0.6973395347595215,0.005470577161759138,,0.0009396729874424636,0.0716661587357521
rotate_m3_confirm,seat rotate,1,115,150,0.7666666666666667,0.765190601348877,0.005669435486197472,0.020887155085802078,0.0009459619177505374,0.03271578252315521
rotate_m3_confirm,seat rotate,1,116,150,0.7733333333333333,0.6938544511795044,0.005534069612622261,,0.0005187798524275422,0.04233504459261894
rotate_m3_confirm,seat rotate,1,117,150,0.78,0.7092934250831604,0.005775358993560076,,0.0013510704739019275,0.07777318358421326
rotate_m3_confirm,seat rotate,1,118,150,0.7866666666666666,0.7129464745521545,0.00568474130704999,,0.000844416324980557,0.04930513724684715
rotate_m3_confirm,seat rotate,1,119,150,0.7933333333333333,0.7484984397888184,0.005593432579189539,,0.001347708865068853,0.06126801297068596
rotate_m3_confirm,seat rotate,1,120,150,0.8,0.6904353499412537,0.005619668867439032,,0.0012640893692150712,0.036056991666555405
rotate_m3_confirm,seat rotate,1,121,150,0.8066666666666666,0.6948005557060242,0.005183503031730652,-3.9771199226379395e-05,0.0007174336351454258,0.05568737909197807
rotate_m3_confirm,seat rotate,1,122,150,0.8133333333333334,0.6996526718139648,0.0055093178525567055,,0.0006780427065677941,0.04982828348875046
rotate_m3_confirm,seat rotate,1,123,150,0.82,0.6997888088226318,0.0051196846179664135,,0.00010781671153381467,0.05466607213020325
rotate_m3_confirm,seat rotate,1,124,150,0.8266666666666667,0.7029815316200256,0.0053861732594668865,,0.000637077959254384,0.06560484319925308
rotate_m3_confirm,seat rotate,1,125,150,0.8333333333333334,0.6976360082626343,0.005720552988350391,,0.0011709601385518909,0.05401771515607834
rotate_m3_confirm,seat rotate,1,126,150,0.84,0.6854293942451477,0.005820795428007841,,0.0003172253491356969,0.05553273856639862
rotate_m3_confirm,seat rotate,1,127,150,0.8466666666666667,0.725575864315033,0.005994061939418316,0.004793486092239618,0.0005731753772124648,0.06088346615433693
rotate_m3_confirm,seat rotate,1,128,150,0.8533333333333334,0.7430434226989746,0.006222847383469343,,0.0005661231698468328,0.06412851810455322
rotate_m3_confirm,seat rotate,1,129,150,0.86,0.7334675192832947,0.005736987106502056,,0.000997672090306878,0.04721016436815262
rotate_m3_confirm,seat rotate,1,130,150,0.8666666666666667,0.7387385964393616,0.006263691000640392,,0.001135718310251832,0.05746116489171982
rotate_m3_confirm,seat rotate,1,131,150,0.8733333333333333,0.7050198912620544,0.006072296295315027,,0.000887573987711221,0.0537523590028286
rotate_m3_confirm,seat rotate,1,132,150,0.88,0.7264204025268555,0.0061883870512247086,,0.0011193649843335152,0.06402860581874847
rotate_m3_confirm,seat rotate,1,133,150,0.8866666666666667,0.7209123373031616,0.0049419342540204525,0.007961148396134377,0.001635412103496492,0.06811235845088959
rotate_m3_confirm,seat rotate,1,134,150,0.8933333333333333,0.6854609251022339,0.0049532451666891575,,0.0008862302056513727,0.05994518846273422
rotate_m3_confirm,seat rotate,1,135,150,0.9,0.7357243895530701,0.004954412579536438,,0.0008341277134604752,0.044161032885313034
rotate_m3_confirm,seat rotate,1,136,150,0.9066666666666666,0.7263278365135193,0.0060613807290792465,,0.00032271945383399725,0.07055382430553436
rotate_m3_confirm,seat rotate,1,137,150,0.9133333333333333,0.7097196578979492,0.005268041044473648,,0.0012048193020746112,0.061802491545677185
rotate_m3_confirm,seat rotate,1,138,150,0.92,0.7172425985336304,0.004789869766682386,,0.0010894564911723137,0.05371621623635292
rotate_m3_confirm,seat rotate,1,139,150,0.9266666666666666,0.7158327102661133,0.005763105116784573,-0.017697423696517944,0.0010392849799245596,0.05486871674656868
rotate_m3_confirm,seat rotate,1,140,150,0.9333333333333333,0.6874257326126099,0.005782017484307289,,0.0011038542725145817,0.05802060291171074
rotate_m3_confirm,seat rotate,1,141,150,0.94,0.7147464156150818,0.005643252748996019,,0.0014353538863360882,0.04707296937704086
rotate_m3_confirm,seat rotate,1,142,150,0.9466666666666667,0.6940920948982239,0.005527629982680082,,0.0010413412237539887,0.05505465716123581
rotate_m3_confirm,seat rotate,1,143,150,0.9533333333333334,0.6871786713600159,0.005283399950712919,,0.0013893342111259699,0.04502267390489578
rotate_m3_confirm,seat rotate,1,144,150,0.96,0.7446931004524231,0.005340971983969212,,0.0011712095001712441,0.07951164245605469
rotate_m3_confirm,seat rotate,1,145,150,0.9666666666666667,0.7178468704223633,0.0063714231364429,-0.005161460023373365,0.001215066877193749,0.11807825416326523
rotate_m3_confirm,seat rotate,1,146,150,0.9733333333333334,0.7181258201599121,0.0059629748575389385,,0.0008547008619643748,0.05989709496498108
rotate_m3_confirm,seat rotate,1,147,150,0.98,0.7030513286590576,0.005413809325546026,,0.0016927634133026004,0.042824167758226395
rotate_m3_confirm,seat rotate,1,148,150,0.9866666666666667,0.6936873197555542,0.005594045855104923,,0.0005077688838355243,0.04400479048490524
rotate_m3_confirm,seat rotate,1,149,150,0.9933333333333333,0.6777989864349365,0.005207021255046129,,0.0012841091956943274,0.05387420207262039
rotate_m3_confirm,seat rotate,1,150,150,1.0,0.7155606150627136,0.005499284248799086,,0.0016549844294786453,0.06715847551822662
rotate_m3_confirm,seat rotate,1,150,150,1.0,,,,,
apimix_x2_01,API mix,1,1,200,0.005,0.640790581703186,0.0,0.010197002440690994,0.0,0.04667573422193527
apimix_x2_01,API mix,1,2,200,0.01,0.6734744906425476,0.0008704403880983591,,0.0011009578593075275,0.04514600336551666
apimix_x2_01,API mix,1,3,200,0.015,0.6688036918640137,0.000900191836990416,,0.0015022975858300924,0.06644917279481888
apimix_x2_01,API mix,1,4,200,0.02,0.6537980437278748,0.0008825502591207623,,0.0014614855172112584,0.059895358979701996
apimix_x2_01,API mix,1,5,200,0.025,0.6762309670448303,0.0009324550628662109,,0.0016474464209750295,0.06183730065822601
apimix_x2_01,API mix,1,6,200,0.03,0.6838789582252502,0.0009300831006839871,,0.0015913820825517178,0.03507953882217407
apimix_x2_01,API mix,1,7,200,0.035,0.6762400269508362,0.0009759902022778988,0.021583735942840576,0.0011133791413158178,0.08453641086816788
apimix_x2_01,API mix,1,8,200,0.04,0.675871729850769,0.0011092337081208825,,0.0015581524930894375,0.05010140687227249
apimix_x2_01,API mix,1,9,200,0.045,0.6857906579971313,0.0011634216643869877,,0.0014641288435086608,0.043513111770153046
apimix_x2_01,API mix,1,10,200,0.05,0.6432721018791199,0.0012525635538622737,,0.0016336728585883975,0.08496445417404175
apimix_x2_01,API mix,1,11,200,0.055,0.6800288558006287,0.0012952859979122877,,0.0030678091570734978,0.05051760375499725
apimix_x2_01,API mix,1,12,200,0.06,0.6378224492073059,0.0014176757540553808,,0.0025762980803847313,0.0657273679971695
apimix_x2_01,API mix,1,13,200,0.065,0.6766656041145325,0.0015549181262031198,0.03469987213611603,0.001565665821544826,0.055353518575429916
apimix_x2_01,API mix,1,14,200,0.07,0.6329014301300049,0.0016899652546271682,,0.0020096830558031797,0.04880300536751747
apimix_x2_01,API mix,1,15,200,0.075,0.6607375741004944,0.0018350151367485523,,0.001994813559576869,0.043689120560884476
apimix_x2_01,API mix,1,16,200,0.08,0.6640693545341492,0.0019519939087331295,,0.0018951956881210208,0.09009905904531479
apimix_x2_01,API mix,1,17,200,0.085,0.6919217705726624,0.00196896493434906,,0.0015491866506636143,0.0390167236328125
apimix_x2_01,API mix,1,18,200,0.09,0.6468468308448792,0.002434546360746026,,0.0025561826769262552,0.04435744881629944
apimix_x2_01,API mix,1,19,200,0.095,0.6885411143302917,0.0022961620707064867,0.01810944639146328,0.0009107468067668378,0.03679346293210983
apimix_x2_01,API mix,1,20,200,0.1,0.6318994164466858,0.0026039734948426485,,0.0015090543311089277,0.06009566783905029
apimix_x2_01,API mix,1,21,200,0.105,0.6561130285263062,0.0028357389383018017,,0.0015811838675290346,0.05765518546104431
apimix_x2_01,API mix,1,22,200,0.11,0.683330774307251,0.002634241245687008,,0.0009005966712720692,0.04665088281035423
apimix_x2_01,API mix,1,23,200,0.115,0.6399917602539062,0.003108183154836297,,0.002278807107359171,0.03872021660208702
apimix_x2_01,API mix,1,24,200,0.12,0.6551266312599182,0.0031392548698931932,,0.0017152659129351377,0.05580447241663933
apimix_x2_01,API mix,1,25,200,0.125,0.6911068558692932,0.0030958205461502075,0.03250928223133087,0.0010899842018261552,0.055925361812114716
apimix_x2_01,API mix,1,26,200,0.13,0.6729184985160828,0.003040780546143651,,0.0011630912777036428,0.05599581077694893
apimix_x2_01,API mix,1,27,200,0.135,0.6320059895515442,0.004260136280208826,,0.0014869151636958122,0.1607665717601776
apimix_x2_01,API mix,1,28,200,0.14,0.7034611701965332,0.0036287850234657526,,0.0012645914684981108,0.0770975649356842
apimix_x2_01,API mix,1,29,200,0.145,0.6547829508781433,0.00424496503546834,,0.0021922613959759474,0.03444771468639374
apimix_x2_01,API mix,1,30,200,0.15,0.6729125380516052,0.004429418593645096,,0.002149321371689439,0.049068670719861984
apimix_x2_01,API mix,1,31,200,0.155,0.6643221378326416,0.0046905516646802425,0.019752776250243187,0.001516836928203702,0.05368584021925926
apimix_x2_01,API mix,1,32,200,0.16,0.6289496421813965,0.004900406580418348,,0.001435750164091587,0.044069670140743256
apimix_x2_01,API mix,1,33,200,0.165,0.6878297328948975,0.004357283003628254,,0.0005457919323816895,0.052335165441036224
apimix_x2_01,API mix,1,34,200,0.17,0.6656605005264282,0.005825882777571678,,0.0013120711082592607,0.03331981971859932
apimix_x2_01,API mix,1,35,200,0.175,0.6560950875282288,0.005225323606282473,,0.0014268242521211505,0.0665978267788887
apimix_x2_01,API mix,1,36,200,0.18,0.6245385408401489,0.006225314922630787,,0.001397949643433094,0.046121686697006226
apimix_x2_01,API mix,1,37,200,0.185,0.6606183052062988,0.005164594855159521,-0.0011662158649414778,0.0009844457963481545,0.05559232831001282
apimix_x2_01,API mix,1,38,200,0.19,0.6984918713569641,0.004884795751422644,,0.0014589665224775672,0.06258364021778107
apimix_x2_01,API mix,1,39,200,0.195,0.641929566860199,0.004986143205314875,,0.0012746347347274423,0.05355227366089821
apimix_x2_01,API mix,1,40,200,0.2,0.6522777676582336,0.0049184816889464855,,0.001877208473160863,0.057273924350738525
apimix_x2_01,API mix,1,41,200,0.205,0.7068106532096863,0.004497620277106762,,0.0015883821761235595,0.05469988286495209
apimix_x2_01,API mix,1,42,200,0.21,0.6903690099716187,0.005446667317301035,,0.0009027307387441397,0.06873781234025955
apimix_x2_01,API mix,1,43,200,0.215,0.6752862334251404,0.00540133798494935,0.021438103169202805,0.000814258586615324,0.054175540804862976
apimix_x2_01,API mix,1,44,200,0.22,0.6933149099349976,0.005741917993873358,,0.001389854121953249,0.05696684494614601
apimix_x2_01,API mix,1,45,200,0.225,0.7002578377723694,0.004740035627037287,,0.0008834897889755666,0.04357993230223656
apimix_x2_01,API mix,1,46,200,0.23,0.6633914709091187,0.005747364368289709,,0.0005813390016555786,0.060963988304138184
apimix_x2_01,API mix,1,47,200,0.235,0.6311414837837219,0.006224257405847311,,0.0016408386873081326,0.04221443459391594
apimix_x2_01,API mix,1,48,200,0.24,0.6549668908119202,0.004662850871682167,,0.0016275730449706316,0.0472073033452034
apimix_x2_01,API mix,1,49,200,0.245,0.6989355087280273,0.00454490352421999,0.03679482266306877,0.0013264064909890294,0.057270683348178864
apimix_x2_01,API mix,1,50,200,0.25,0.6432720422744751,0.005017481744289398,,0.0012864918680861592,0.051171962171792984
apimix_x2_01,API mix,1,51,200,0.255,0.644710898399353,0.005943425465375185,,0.001642710529267788,0.05575988441705704
apimix_x2_01,API mix,1,52,200,0.26,0.6714795827865601,0.005625315476208925,,0.0022650056052953005,0.05323090776801109
apimix_x2_01,API mix,1,53,200,0.265,0.6667135953903198,0.0047036041505634785,,0.002112029353156686,0.06554649770259857
apimix_x2_01,API mix,1,54,200,0.27,0.7078627943992615,0.004368368536233902,,0.0007857222808524966,0.04733845964074135
apimix_x2_01,API mix,1,55,200,0.275,0.6369585990905762,0.004861993715167046,0.04029717296361923,0.0010837758891284466,0.049756813794374466
apimix_x2_01,API mix,1,56,200,0.28,0.6925836801528931,0.004760646726936102,,0.0010541110532358289,0.05438382923603058
apimix_x2_01,API mix,1,57,200,0.285,0.6773786544799805,0.005080633796751499,,0.0010942115914076567,0.06510765850543976
apimix_x2_01,API mix,1,58,200,0.29,0.6425930857658386,0.004866031929850578,,0.0010297601111233234,0.057458724826574326
apimix_x2_01,API mix,1,59,200,0.295,0.6425728797912598,0.005570326466113329,,0.0020466274581849575,0.055595893412828445
apimix_x2_01,API mix,1,60,200,0.3,0.6490250825881958,0.004547665361315012,,0.002339538186788559,0.0560983307659626
apimix_x2_01,API mix,1,61,200,0.305,0.6706743240356445,0.00498867966234684,0.02248569391667843,0.0008078360115177929,0.07072713226079941
apimix_x2_01,API mix,1,62,200,0.31,0.6295502781867981,0.005319852381944656,,0.0016330038197338581,0.055379558354616165
apimix_x2_01,API mix,1,63,200,0.315,0.6813816428184509,0.004674134310334921,,0.0005721478373743594,0.06350505352020264
apimix_x2_01,API mix,1,64,200,0.32,0.677044689655304,0.0047398400492966175,,0.0015705161495134234,0.049788948148489
apimix_x2_01,API mix,1,65,200,0.325,0.6563515067100525,0.00543452613055706,,0.002197802299633622,0.04922911152243614
apimix_x2_01,API mix,1,66,200,0.33,0.6648062467575073,0.005585783626884222,,0.00253860792145133,0.05263768136501312
apimix_x2_01,API mix,1,67,200,0.335,0.6619583368301392,0.0058837528340518475,0.0544881634414196,0.0013509601121768355,0.055570684373378754
apimix_x2_01,API mix,1,68,200,0.34,0.6856689453125,0.004665621556341648,,0.0015914622927084565,0.05970767140388489
apimix_x2_01,API mix,1,69,200,0.345,0.6989264488220215,0.0048993113450706005,,0.0019359210273250937,0.04152394086122513
apimix_x2_01,API mix,1,70,200,0.35,0.7128732800483704,0.005332813132554293,,0.0012959825107827783,0.050569918006658554
apimix_x2_01,API mix,1,71,200,0.355,0.6879004836082458,0.004919144324958324,,0.001478269463405013,0.04449627920985222
apimix_x2_01,API mix,1,72,200,0.36,0.6816238164901733,0.005141120869666338,,0.001399160479195416,0.04439910128712654
apimix_x2_01,API mix,1,73,200,0.365,0.6536048650741577,0.00485574547201395,0.008659664541482925,0.0016022217459976673,0.06079917028546333
apimix_x2_01,API mix,1,74,200,0.37,0.6810153126716614,0.00493208970874548,,0.0007570022717118263,0.09976626932621002
apimix_x2_01,API mix,1,75,200,0.375,0.6862141489982605,0.00505130784586072,,0.0014521315461024642,0.053724195808172226
apimix_x2_01,API mix,1,76,200,0.38,0.6916720867156982,0.004748670384287834,,0.0017972300993278623,0.05650481581687927
apimix_x2_01,API mix,1,77,200,0.385,0.6718227863311768,0.005579761695116758,,0.0012537874281406403,0.05625869333744049
apimix_x2_01,API mix,1,78,200,0.39,0.6951414346694946,0.0053201778791844845,,0.001461418578401208,0.055562783032655716
apimix_x2_01,API mix,1,79,200,0.395,0.6423594951629639,0.0061659859493374825,0.03187745064496994,0.0010857763700187206,0.06472692638635635
apimix_x2_01,API mix,1,80,200,0.4,0.6932163238525391,0.005310003645718098,,0.0008240626193583012,0.06766720116138458
apimix_x2_01,API mix,1,81,200,0.405,0.6870055198669434,0.005729211959987879,,0.0005503577413037419,0.04679490253329277
apimix_x2_01,API mix,1,82,200,0.41,0.6424992084503174,0.006419018376618624,,0.00109349365811795,0.060373999178409576
apimix_x2_01,API mix,1,83,200,0.415,0.6133593916893005,0.0054161944426596165,,0.0016257225070148706,0.0851728767156601
apimix_x2_01,API mix,1,84,200,0.42,0.6732079386711121,0.004759303294122219,,0.001219969941303134,0.03894558176398277
apimix_x2_01,API mix,1,85,200,0.425,0.6593611836433411,0.004992253612726927,0.029246171936392784,0.0009956853464245796,0.06551628559827805
apimix_x2_01,API mix,1,86,200,0.43,0.6097223162651062,0.005668712314218283,,0.0014958863612264395,0.05614409223198891
apimix_x2_01,API mix,1,87,200,0.435,0.683607816696167,0.005629765801131725,,0.0013310745125636458,0.08075010031461716
apimix_x2_01,API mix,1,88,200,0.44,0.6646634340286255,0.005230211652815342,,0.0010715816169977188,0.05736061930656433
apimix_x2_01,API mix,1,89,200,0.445,0.6739120483398438,0.0069326115772128105,,0.0010138131910935044,0.04392193630337715
apimix_x2_01,API mix,1,90,200,0.45,0.6910198330879211,0.005134844221174717,,0.0013755158288404346,0.060882870107889175
apimix_x2_01,API mix,1,91,200,0.455,0.6454116702079773,0.005258924327790737,0.03299204260110855,0.0009907232597470284,0.10996150970458984
apimix_x2_01,API mix,1,92,200,0.46,0.678888738155365,0.005350966472178698,,0.0011483452981337905,0.05589231103658676
apimix_x2_01,API mix,1,93,200,0.465,0.6112030744552612,0.005397120490670204,,0.0019197543151676655,0.06266720592975616
apimix_x2_01,API mix,1,94,200,0.47,0.6466152667999268,0.004750741180032492,,0.0008943654829636216,0.05736866965889931
apimix_x2_01,API mix,1,95,200,0.475,0.6707326173782349,0.005693362094461918,,0.0012419555569067597,0.052938636392354965
apimix_x2_01,API mix,1,96,200,0.48,0.6565085053443909,0.005330730229616165,,0.0011627906933426857,0.06040739268064499
apimix_x2_01,API mix,1,97,200,0.485,0.6606070399284363,0.00456827599555254,0.029179228469729424,0.0011374211171641946,0.05603161081671715
apimix_x2_01,API mix,1,98,200,0.49,0.6395524144172668,0.005470757372677326,,0.0009549071546643972,0.06201930344104767
apimix_x2_01,API mix,1,99,200,0.495,0.6686182022094727,0.005690984893590212,,0.0010310341604053974,0.05353216454386711
apimix_x2_01,API mix,1,100,200,0.5,0.6424427628517151,0.005153019912540913,,0.0015966938808560371,0.061204250901937485
apimix_x2_01,API mix,1,101,200,0.505,0.6472309231758118,0.0050365678034722805,,0.0006921099266037345,0.05137919262051582
apimix_x2_01,API mix,1,102,200,0.51,0.655113160610199,0.0053396159783005714,,0.001548586878925562,0.06775879114866257
apimix_x2_01,API mix,1,103,200,0.515,0.647697389125824,0.005363190080970526,-0.0023920168168842793,0.0008442776743322611,0.06274817138910294
apimix_x2_01,API mix,1,104,200,0.52,0.6816676259040833,0.005779047030955553,,0.002192753367125988,0.047049954533576965
apimix_x2_01,API mix,1,105,200,0.525,0.6706290245056152,0.005935227032750845,,0.0006431557703763247,0.039382707327604294
apimix_x2_01,API mix,1,106,200,0.53,0.6718587279319763,0.004721185192465782,,0.0008993614464998245,0.05555127188563347
apimix_x2_01,API mix,1,107,200,0.535,0.6730156540870667,0.005152422934770584,,0.0015395669033750892,0.07056374102830887
apimix_x2_01,API mix,1,108,200,0.54,0.6272435784339905,0.005464091897010803,,0.0011013215407729149,0.0477367639541626
apimix_x2_01,API mix,1,109,200,0.545,0.6882544755935669,0.0049561792984604836,0.03197215497493744,0.0007453415892086923,0.05059783533215523
apimix_x2_01,API mix,1,110,200,0.55,0.7130537629127502,0.005931090097874403,,0.000933706818614155,0.06994054466485977
apimix_x2_01,API mix,1,111,200,0.555,0.670403003692627,0.0049704439006745815,,0.0010964912362396717,0.05609862878918648
apimix_x2_01,API mix,1,112,200,0.56,0.6822134852409363,0.0060861012898385525,,0.0013304677559062839,0.05711420625448227
apimix_x2_01,API mix,1,113,200,0.565,0.6695084571838379,0.00664450041949749,,0.0010007784003391862,0.05752389132976532
apimix_x2_01,API mix,1,114,200,0.57,0.6367214918136597,0.005288022570312023,,0.0011669659288600087,0.06697090715169907
apimix_x2_01,API mix,1,115,200,0.575,0.6817952394485474,0.00482547003775835,0.04003893956542015,0.001171371666714549,0.06871659308671951
apimix_x2_01,API mix,1,116,200,0.58,0.7032259702682495,0.00502335699275136,,0.0008137524127960205,0.062008023262023926
apimix_x2_01,API mix,1,117,200,0.585,0.7042094469070435,0.005871040280908346,,0.0013812155229970813,0.05572408065199852
apimix_x2_01,API mix,1,118,200,0.59,0.6876785755157471,0.0050128246657550335,,0.0017301038606092334,0.06341738998889923
apimix_x2_01,API mix,1,119,200,0.595,0.6516381502151489,0.005869814194738865,,0.001611863262951374,0.05220966413617134
apimix_x2_01,API mix,1,120,200,0.6,0.6531417965888977,0.005470052361488342,,0.001128923031501472,0.05778320133686066
apimix_x2_01,API mix,1,121,200,0.605,0.6643158793449402,0.0053631155751645565,0.0325554795563221,0.000492756487801671,0.051942549645900726
apimix_x2_01,API mix,1,122,200,0.61,0.6690738797187805,0.005357822403311729,,0.0010878762695938349,0.06289345771074295
apimix_x2_01,API mix,1,123,200,0.615,0.6843540072441101,0.006802376825362444,,0.001256676041521132,0.03992583230137825
apimix_x2_01,API mix,1,124,200,0.62,0.6764858961105347,0.005447617266327143,,0.0008186655468307436,0.052952840924263
apimix_x2_01,API mix,1,125,200,0.625,0.6710777282714844,0.005198652856051922,,0.0017395085887983441,0.05538755655288696
apimix_x2_01,API mix,1,126,200,0.63,0.7268801927566528,0.006497825495898724,,0.0017132455250248313,0.05342155322432518
apimix_x2_01,API mix,1,127,200,0.635,0.6810706257820129,0.006893256679177284,0.02167109213769436,0.00116776954382658,0.05328664556145668
apimix_x2_01,API mix,1,128,200,0.64,0.6657605171203613,0.005643410608172417,,0.0010911074932664633,0.05394873023033142
apimix_x2_01,API mix,1,129,200,0.645,0.6790099143981934,0.005467240698635578,,0.002321635838598013,0.06204710155725479
apimix_x2_01,API mix,1,130,200,0.65,0.6695892810821533,0.00553858419880271,,0.0007164790295064449,0.05537164956331253
apimix_x2_01,API mix,1,131,200,0.655,0.7074135541915894,0.005630222149193287,,0.001121390494517982,0.06215452402830124
apimix_x2_01,API mix,1,132,200,0.66,0.6596692204475403,0.005492778494954109,,0.0015389877371490002,0.06150459870696068
apimix_x2_01,API mix,1,133,200,0.665,0.6829169988632202,0.010194672271609306,0.0001634610816836357,0.0010625863214954734,0.04952182620763779
apimix_x2_01,API mix,1,134,200,0.67,0.6891295909881592,0.00535767525434494,,0.0008693762356415391,0.045176781713962555
apimix_x2_01,API mix,1,135,200,0.675,0.6879963874816895,0.0061751180328428745,,0.001168907037936151,0.07862801104784012
apimix_x2_01,API mix,1,136,200,0.68,0.7093744277954102,0.006344777997583151,,0.001438212231732905,0.059793222695589066
apimix_x2_01,API mix,1,137,200,0.685,0.6614958643913269,0.005750045645982027,,0.0013953488087281585,0.04362625256180763
apimix_x2_01,API mix,1,138,200,0.69,0.6899171471595764,0.009587787091732025,,0.0017493311315774918,0.04793696105480194
apimix_x2_01,API mix,1,139,200,0.695,0.7169049382209778,0.005941213574260473,0.026030730456113815,0.0009254974429495633,0.05898066610097885
apimix_x2_01,API mix,1,140,200,0.7,0.669262707233429,0.0064984760247170925,,0.0018988606752827764,0.08718330413103104
apimix_x2_01,API mix,1,141,200,0.705,0.6765649914741516,0.005965293850749731,,0.0012425166787579656,0.05590413883328438
apimix_x2_01,API mix,1,142,200,0.71,0.6619035601615906,0.005676646716892719,,0.0013524760724976659,0.03667021170258522
apimix_x2_01,API mix,1,143,200,0.715,0.6501425504684448,0.0074762809090316296,,0.0014718869933858514,0.05214998498558998
apimix_x2_01,API mix,1,144,200,0.72,0.6464723348617554,0.005490082316100597,,0.0015656452160328627,0.05304910987615585
apimix_x2_01,API mix,1,145,200,0.725,0.6518237590789795,0.005748853087425232,0.009701492264866829,0.001685393275693059,0.055328626185655594
apimix_x2_01,API mix,1,146,200,0.73,0.6828608512878418,0.00725313788279891,,0.0007608902524225414,0.04411378502845764
apimix_x2_01,API mix,1,147,200,0.735,0.6825025081634521,0.008614982478320599,,0.0019483183277770877,0.05190778896212578
apimix_x2_01,API mix,1,148,200,0.74,0.6691393256187439,0.007193253841251135,,0.001612138468772173,0.04931088536977768
apimix_x2_01,API mix,1,149,200,0.745,0.6563130617141724,0.005646963603794575,,0.00129096326418221,0.05927924066781998
apimix_x2_01,API mix,1,150,200,0.75,0.6498611569404602,0.0065245493315160275,,0.0018901805160567164,0.054519690573215485
apimix_x2_01,API mix,1,151,200,0.755,0.7211121916770935,0.0061388080939650536,0.0021857633255422115,0.0012119876919314265,0.049377135932445526
apimix_x2_01,API mix,1,152,200,0.76,0.6579065918922424,0.0059345560148358345,,0.0009303190745413303,0.048116978257894516
apimix_x2_01,API mix,1,153,200,0.765,0.6859740018844604,0.006231114733964205,,0.0012634852901101112,0.06192142888903618
apimix_x2_01,API mix,1,154,200,0.77,0.6752836108207703,0.006995260249823332,,0.0013589417794719338,0.059328462928533554
apimix_x2_01,API mix,1,155,200,0.775,0.6730753779411316,0.005152795929461718,,0.0019673421047627926,0.048899177461862564
apimix_x2_01,API mix,1,156,200,0.78,0.6494615077972412,0.005844087339937687,,0.0008345697424374521,0.05293096601963043
apimix_x2_01,API mix,1,157,200,0.785,0.6544771790504456,0.005993708968162537,-0.0037874444387853146,0.0011427482822909951,0.05988030135631561
apimix_x2_01,API mix,1,158,200,0.79,0.6606063842773438,0.006905266083776951,,0.0004997001960873604,0.047106821089982986
apimix_x2_01,API mix,1,159,200,0.795,0.6456180214881897,0.0062438263557851315,,0.00145092757884413,0.04592996463179588
apimix_x2_01,API mix,1,160,200,0.8,0.6378722190856934,0.005778011865913868,,0.0017704337369650602,0.051069725304841995
apimix_x2_01,API mix,1,161,200,0.805,0.6370288133621216,0.006714495364576578,,0.001241464982740581,0.05139729380607605
apimix_x2_01,API mix,1,162,200,0.81,0.6547349691390991,0.005836726166307926,,0.0010625863214954734,0.05114606395363808
apimix_x2_01,API mix,1,163,200,0.815,0.7049883008003235,0.005878251977264881,0.022533368319272995,0.0013712404761463404,0.060575295239686966
apimix_x2_01,API mix,1,164,200,0.82,0.6969447135925293,0.0060979872941970825,,0.0009439629502594471,0.0547516904771328
apimix_x2_01,API mix,1,165,200,0.825,0.6764594316482544,0.005701214075088501,,0.0017286085058003664,0.06094715744256973
apimix_x2_01,API mix,1,166,200,0.83,0.615839958190918,0.006268538534641266,,0.000830718083307147,0.061129070818424225
apimix_x2_01,API mix,1,167,200,0.835,0.6666380167007446,0.007076408248394728,,0.001818877994082868,0.05540860444307327
apimix_x2_01,API mix,1,168,200,0.84,0.684670627117157,0.005909580737352371,,0.0011793611338362098,0.049004316329956055
apimix_x2_01,API mix,1,169,200,0.845,0.6492046117782593,0.006273150909692049,0.0369216687977314,0.0011222085449844599,0.05725381150841713
apimix_x2_01,API mix,1,170,200,0.85,0.6691070795059204,0.005901389289647341,,0.0009617233881726861,0.060284003615379333
apimix_x2_01,API mix,1,171,200,0.855,0.6755489110946655,0.005604834761470556,,0.0012582007329910994,0.04941669479012489
apimix_x2_01,API mix,1,172,200,0.86,0.6736103296279907,0.005853462964296341,,0.0009101021569222212,0.039586495608091354
apimix_x2_01,API mix,1,173,200,0.865,0.670889139175415,0.006382917053997517,,0.001757306745275855,0.05799378827214241
apimix_x2_01,API mix,1,174,200,0.87,0.6764936447143555,0.007005705498158932,,0.0007719772402197123,0.07421393692493439
apimix_x2_01,API mix,1,175,200,0.875,0.7007117867469788,0.007177690044045448,0.010150998830795288,0.0013046314707025886,0.06521910429000854
apimix_x2_01,API mix,1,176,200,0.88,0.6781672835350037,0.0052088601514697075,,0.0011323862709105015,0.05565612018108368
apimix_x2_01,API mix,1,177,200,0.885,0.6825121641159058,0.00574960233643651,,0.0006297228974290192,0.05792773887515068
apimix_x2_01,API mix,1,178,200,0.89,0.6600106358528137,0.007449022028595209,,0.0008473678608424962,0.060090817511081696
apimix_x2_01,API mix,1,179,200,0.895,0.7156570553779602,0.005734815262258053,,0.0007390982937067747,0.046838581562042236
apimix_x2_01,API mix,1,180,200,0.9,0.7044202089309692,0.005695993546396494,,0.0007137758657336235,0.05790325999259949
apimix_x2_01,API mix,1,181,200,0.905,0.711139976978302,0.0051302677020430565,-0.012680168263614178,0.00023886300914455205,0.04482032358646393
apimix_x2_01,API mix,1,182,200,0.91,0.6836957931518555,0.006379306316375732,,0.00208511040546,0.052840959280729294
apimix_x2_01,API mix,1,183,200,0.915,0.6865927577018738,0.006250111386179924,,0.0015987962251529098,0.04904966056346893
apimix_x2_01,API mix,1,184,200,0.92,0.6724758744239807,0.0076522366143763065,,0.001314780325628817,0.04637006297707558
apimix_x2_01,API mix,1,185,200,0.925,0.6810179352760315,0.006455894093960524,,0.0015861266292631626,0.05300060287117958
apimix_x2_01,API mix,1,186,200,0.93,0.6315822601318359,0.006848390679806471,,0.0018609844846650958,0.057424239814281464
apimix_x2_01,API mix,1,187,200,0.935,0.6983622312545776,0.005911634303629398,-0.004270833916962147,0.0018106830539181828,0.06500651687383652
apimix_x2_01,API mix,1,188,200,0.94,0.6801237463951111,0.006857739761471748,,0.0012940473388880491,0.0548030287027359
apimix_x2_01,API mix,1,189,200,0.945,0.6652989387512207,0.006086916197091341,,0.001407176605425775,0.06527647376060486
apimix_x2_01,API mix,1,190,200,0.95,0.6877496242523193,0.005746915005147457,,0.0010348752839490771,0.05304691940546036
apimix_x2_01,API mix,1,191,200,0.955,0.7148593664169312,0.0060273632407188416,,0.000648158136755228,0.06400658190250397
apimix_x2_01,API mix,1,192,200,0.96,0.7088939547538757,0.0069300769828259945,,0.0018445930909365416,0.06760955601930618
apimix_x2_01,API mix,1,193,200,0.965,0.7144012451171875,0.005330953281372786,0.010925641283392906,0.0009096077410504222,0.04229019954800606
apimix_x2_01,API mix,1,194,200,0.97,0.713141679763794,0.007322028279304504,,0.0012841091956943274,0.06894834339618683
apimix_x2_01,API mix,1,195,200,0.975,0.6554747819900513,0.007286392152309418,,0.0019225223222747445,0.07935252040624619
apimix_x2_01,API mix,1,196,200,0.98,0.6985960602760315,0.005845644976943731,,0.0010688328184187412,0.046523693948984146
apimix_x2_01,API mix,1,197,200,0.985,0.681883692741394,0.006717424374073744,,0.0016907011158764362,0.07862189412117004
apimix_x2_01,API mix,1,198,200,0.99,0.709089457988739,0.005393557250499725,,0.0007743362803012133,0.07831456512212753
apimix_x2_01,API mix,1,199,200,0.995,0.6494818329811096,0.007056741509586573,-0.007533414289355278,0.0008460236713290215,0.055119771510362625
apimix_x2_01,API mix,1,200,200,1.0,0.6565067172050476,0.006546759512275457,,0.00138829555362463,0.05034473538398743
apimix_x2_01,API mix,1,200,200,1.0,,,,,
flash_repl_05,Flash mix,1,1,200,0.005,0.6406911611557007,0.0,0.02134433016180992,0.0,0.04886181280016899
flash_repl_05,Flash mix,1,2,200,0.01,0.627942681312561,0.0007844299543648958,,0.0008600917644798756,0.0588088259100914
flash_repl_05,Flash mix,1,3,200,0.015,0.675214946269989,0.0009250485454685986,,0.0011483452981337905,0.05646415054798126
flash_repl_05,Flash mix,1,4,200,0.02,0.6553486585617065,0.0008489516330882907,,0.0011159469140693545,0.053849030286073685
flash_repl_05,Flash mix,1,5,200,0.025,0.6336820721626282,0.0008596143452450633,,0.0015944475308060646,0.06551210582256317
flash_repl_05,Flash mix,1,6,200,0.03,0.6635465621948242,0.0009502522298134863,,0.0016532341251149774,0.05033167451620102
flash_repl_05,Flash mix,1,7,200,0.035,0.6643629670143127,0.0009441176662221551,0.04966229200363159,0.0005793071468360722,0.03630254417657852
flash_repl_05,Flash mix,1,8,200,0.04,0.690026044845581,0.000975316041149199,,0.0005691519472748041,0.050392959266901016
flash_repl_05,Flash mix,1,9,200,0.045,0.6930110454559326,0.0010584212141111493,,0.0008445946150459349,0.07660983502864838
flash_repl_05,Flash mix,1,10,200,0.05,0.6699846982955933,0.0012067859061062336,,0.0014754098374396563,0.05845027044415474
flash_repl_05,Flash mix,1,11,200,0.055,0.6969462037086487,0.0012299466179683805,,0.001898433780297637,0.0667639896273613
flash_repl_05,Flash mix,1,12,200,0.06,0.6466525793075562,0.001268516294658184,,0.0016210958128795028,0.04697300121188164
flash_repl_05,Flash mix,1,13,200,0.065,0.6771310567855835,0.0012397879036143422,0.008520747534930706,0.0008695652359165251,0.05942443013191223
flash_repl_05,Flash mix,1,14,200,0.07,0.678657591342926,0.0013460651971399784,,0.0016306954203173518,0.07511270046234131
flash_repl_05,Flash mix,1,15,200,0.075,0.6876776218414307,0.0013618685770779848,,0.001961852889508009,0.05171660706400871
flash_repl_05,Flash mix,1,16,200,0.08,0.7007135152816772,0.0014686716021969914,,0.0017302701016888022,0.05482875555753708
flash_repl_05,Flash mix,1,17,200,0.085,0.6850903034210205,0.0016429973766207695,,0.00138829555362463,0.06102951243519783
flash_repl_05,Flash mix,1,18,200,0.09,0.6609545350074768,0.0012787235900759697,,0.0010367468930780888,0.05540447309613228
flash_repl_05,Flash mix,1,19,200,0.095,0.6695861220359802,0.0017161032883450389,0.009863806888461113,0.0017547964816913009,0.06416375935077667
flash_repl_05,Flash mix,1,20,200,0.1,0.7176503539085388,0.00168409023899585,,0.0012288786238059402,0.052084580063819885
flash_repl_05,Flash mix,1,21,200,0.105,0.6488523483276367,0.001870276639238,,0.0012161751510575414,0.06095559149980545
flash_repl_05,Flash mix,1,22,200,0.11,0.6701685786247253,0.001732487347908318,,0.0010599957313388586,0.06156640499830246
flash_repl_05,Flash mix,1,23,200,0.115,0.6448360085487366,0.0017269616946578026,,0.001742160296998918,0.06575720757246017
flash_repl_05,Flash mix,1,24,200,0.12,0.6384188532829285,0.001760208630003035,,0.0020044096745550632,0.039636027067899704
flash_repl_05,Flash mix,1,25,200,0.125,0.7117258906364441,0.0018648396944627166,0.010929243639111519,0.0009116809233091772,0.07507047802209854
flash_repl_05,Flash mix,1,26,200,0.13,0.6948496699333191,0.0021745420526713133,,0.0011843238025903702,0.06233662739396095
flash_repl_05,Flash mix,1,27,200,0.135,0.6408515572547913,0.0019845771603286266,,0.0009351256303489208,0.06323815882205963
flash_repl_05,Flash mix,1,28,200,0.14,0.6736374497413635,0.0027095861732959747,,0.0016246073646470904,0.05589397996664047
flash_repl_05,Flash mix,1,29,200,0.145,0.6769891977310181,0.0023382841609418392,,0.002553812460973859,0.07071016728878021
flash_repl_05,Flash mix,1,30,200,0.15,0.6610472798347473,0.0026097435038536787,,0.0008027522708289325,0.05191800370812416
flash_repl_05,Flash mix,1,31,200,0.155,0.7056317925453186,0.0027968776412308216,0.017397979274392128,0.0005881661199964583,0.03903999924659729
flash_repl_05,Flash mix,1,32,200,0.16,0.680468738079071,0.0026898428332060575,,0.0012042917078360915,0.04524211585521698
flash_repl_05,Flash mix,1,33,200,0.165,0.6286835670471191,0.002828030614182353,,0.0011159756686538458,0.049640972167253494
flash_repl_05,Flash mix,1,34,200,0.17,0.6620778441429138,0.0029205370228737593,,0.0013988622231408954,0.05251957103610039
flash_repl_05,Flash mix,1,35,200,0.175,0.6632912755012512,0.0033226939849555492,,0.0016704765148460865,0.05333549156785011
flash_repl_05,Flash mix,1,36,200,0.18,0.6390775442123413,0.003245937405154109,,0.0013102480443194509,0.05628566816449165
flash_repl_05,Flash mix,1,37,200,0.185,0.6565724611282349,0.0031475722789764404,0.01302106212824583,0.0012072434183210135,0.0577690564095974
flash_repl_05,Flash mix,1,38,200,0.19,0.7300013303756714,0.003316215006634593,,0.0003425048489589244,0.04521964490413666
flash_repl_05,Flash mix,1,39,200,0.195,0.675570547580719,0.0045477114617824554,,0.0011849511647596955,0.07475847750902176
flash_repl_05,Flash mix,1,40,200,0.2,0.6617616415023804,0.004067749250680208,,0.0011805302929133177,0.05241354554891586
flash_repl_05,Flash mix,1,41,200,0.205,0.6640108823776245,0.004414424300193787,,0.001146569848060608,0.04911990091204643
flash_repl_05,Flash mix,1,42,200,0.21,0.6568405628204346,0.004541150294244289,,0.0014437827048823237,0.06495916843414307
flash_repl_05,Flash mix,1,43,200,0.215,0.6561873555183411,0.003991394769400358,0.06461834162473679,0.0011089827166870236,0.07179112732410431
flash_repl_05,Flash mix,1,44,200,0.22,0.660262942314148,0.004133482463657856,,0.0011755904415622354,0.05484902486205101
flash_repl_05,Flash mix,1,45,200,0.225,0.6765398979187012,0.0042692204006016254,,0.0012087911600247025,0.08515109121799469
flash_repl_05,Flash mix,1,46,200,0.23,0.6353570222854614,0.004676366224884987,,0.0016980963991954923,0.05779785290360451
flash_repl_05,Flash mix,1,47,200,0.235,0.6583831310272217,0.0041292523965239525,,0.0007442849455401301,0.05730358883738518
flash_repl_05,Flash mix,1,48,200,0.24,0.6710247993469238,0.00458513805642724,,0.0018912999657914042,0.05654101073741913
flash_repl_05,Flash mix,1,49,200,0.245,0.6552910804748535,0.005046258680522442,0.02562105655670166,0.0011969903716817498,0.06169714406132698
flash_repl_05,Flash mix,1,50,200,0.25,0.6871001720428467,0.005285223014652729,,0.0008907363517209888,0.03745800629258156
flash_repl_05,Flash mix,1,51,200,0.255,0.6503713130950928,0.004890345502644777,,0.000550155877135694,0.036347176879644394
flash_repl_05,Flash mix,1,52,200,0.26,0.688555896282196,0.005359255243092775,,0.0011246647918596864,0.05580098181962967
flash_repl_05,Flash mix,1,53,200,0.265,0.6889325976371765,0.005726632196456194,,0.002071823226287961,0.04881078004837036
flash_repl_05,Flash mix,1,54,200,0.27,0.6850525736808777,0.005346328020095825,,0.001845529186539352,0.05434465780854225
flash_repl_05,Flash mix,1,55,200,0.275,0.635319709777832,0.004737752955406904,0.0510973259806633,0.000682394253090024,0.10751740634441376
flash_repl_05,Flash mix,1,56,200,0.28,0.674146831035614,0.005767141003161669,,0.0010110087459906936,0.06375972181558609
flash_repl_05,Flash mix,1,57,200,0.285,0.6823709607124329,0.00451585603877902,,0.001212121220305562,0.05143257975578308
flash_repl_05,Flash mix,1,58,200,0.29,0.6864201426506042,0.0055876197293400764,,0.0012956165010109544,0.05953579396009445
flash_repl_05,Flash mix,1,59,200,0.295,0.6557519435882568,0.005161401815712452,,0.0008673027041368186,0.04687146097421646
flash_repl_05,Flash mix,1,60,200,0.3,0.6882733702659607,0.005004735663533211,,0.0018695699982345104,0.04546240717172623
flash_repl_05,Flash mix,1,61,200,0.305,0.6574088335037231,0.005575135350227356,0.001145393936894834,0.0011929292231798172,0.04180896654725075
flash_repl_05,Flash mix,1,62,200,0.31,0.6764018535614014,0.0055931019596755505,,0.0015427337493747473,0.06369959563016891
flash_repl_05,Flash mix,1,63,200,0.315,0.6643908023834229,0.004905953537672758,,0.0008059873362071812,0.056877922266721725
flash_repl_05,Flash mix,1,64,200,0.32,0.6712110638618469,0.0060531701892614365,,0.001049117767252028,0.04969207942485809
flash_repl_05,Flash mix,1,65,200,0.325,0.6871862411499023,0.005942496936768293,,0.0014315603766590357,0.04597896337509155
flash_repl_05,Flash mix,1,66,200,0.33,0.6577189564704895,0.0058793905191123486,,0.0019700119737535715,0.06029175966978073
flash_repl_05,Flash mix,1,67,200,0.335,0.6776986122131348,0.005506550893187523,0.042410388588905334,0.0006159531767480075,0.07609239965677261
flash_repl_05,Flash mix,1,68,200,0.34,0.6511368751525879,0.007516900077462196,,0.0009872643277049065,0.06858288496732712
flash_repl_05,Flash mix,1,69,200,0.345,0.6632665991783142,0.006903859321027994,,0.0005953798536211252,0.059597332030534744
flash_repl_05,Flash mix,1,70,200,0.35,0.6891807913780212,0.00807982124388218,,0.0014234095579013228,0.07177019119262695
flash_repl_05,Flash mix,1,71,200,0.355,0.6510474681854248,0.007622474804520607,,0.0016176322242245078,0.06933898478746414
flash_repl_05,Flash mix,1,72,200,0.36,0.6696633100509644,0.008825734257698059,,0.002300000051036477,0.08290126174688339
flash_repl_05,Flash mix,1,73,200,0.365,0.676124632358551,0.008181980811059475,0.01295102946460247,0.0015341835096478462,0.04134822264313698
flash_repl_05,Flash mix,1,74,200,0.37,0.6549844145774841,0.008336342871189117,,0.0010187448933720589,0.04360293224453926
flash_repl_05,Flash mix,1,75,200,0.375,0.6807287931442261,0.00817147083580494,,0.00130955979693681,0.046115096658468246
flash_repl_05,Flash mix,1,76,200,0.38,0.6759849786758423,0.009861137717962265,,0.00047975435154512525,0.05941643565893173
flash_repl_05,Flash mix,1,77,200,0.385,0.6808996200561523,0.009847653098404408,,0.0016909932019189,0.06656225770711899
flash_repl_05,Flash mix,1,78,200,0.39,0.6411491632461548,0.01109290961176157,,0.0019626168068498373,0.04879996180534363
flash_repl_05,Flash mix,1,79,200,0.395,0.672435998916626,0.009104288183152676,0.003031693398952484,0.0011291991686448455,0.08455586433410645
flash_repl_05,Flash mix,1,80,200,0.4,0.623457133769989,0.008415132761001587,,0.0009052007808350027,0.060161247849464417
flash_repl_05,Flash mix,1,81,200,0.405,0.6507520079612732,0.010327300056815147,,0.0018178944010287523,0.05421143397688866
flash_repl_05,Flash mix,1,82,200,0.41,0.6859284043312073,0.010430256836116314,,0.0009478672873228788,0.053816601634025574
flash_repl_05,Flash mix,1,83,200,0.415,0.7077744007110596,0.00975703727453947,,0.001292889122851193,0.05139225721359253
flash_repl_05,Flash mix,1,84,200,0.42,0.6200385689735413,0.009316888637840748,,0.0019030283438041806,0.07820694148540497
flash_repl_05,Flash mix,1,85,200,0.425,0.7118790149688721,0.009551811031997204,0.02970879338681698,0.0006666666595265269,0.0583149679005146
flash_repl_05,Flash mix,1,86,200,0.43,0.6198824644088745,0.01056545227766037,,0.0012208947446197271,0.056239187717437744
flash_repl_05,Flash mix,1,87,200,0.435,0.6923609972000122,0.00888446532189846,,0.0007739937864243984,0.04133642464876175
flash_repl_05,Flash mix,1,88,200,0.44,0.6428256034851074,0.009392020292580128,,0.0014956066152080894,0.05146923288702965
flash_repl_05,Flash mix,1,89,200,0.445,0.6572715044021606,0.010436774231493473,,0.0014879649970680475,0.073935866355896
flash_repl_05,Flash mix,1,90,200,0.45,0.6850832104682922,0.009515270590782166,,0.0021358828525990248,0.0520382821559906
flash_repl_05,Flash mix,1,91,200,0.455,0.6901030540466309,0.010493719950318336,0.047376424074172974,0.001871921238489449,0.04571475088596344
flash_repl_05,Flash mix,1,92,200,0.46,0.6689205169677734,0.011327515356242657,,0.001392065198160708,0.05337460711598396
flash_repl_05,Flash mix,1,93,200,0.465,0.6911141872406006,0.010786798782646656,,0.001068479847162962,0.06515277177095413
flash_repl_05,Flash mix,1,94,200,0.47,0.6731732487678528,0.01052877213805914,,0.0006598482141271234,0.046803638339042664
flash_repl_05,Flash mix,1,95,200,0.475,0.6855401396751404,0.010243264026939869,,0.0008767656981945038,0.06301884353160858
flash_repl_05,Flash mix,1,96,200,0.48,0.6864374876022339,0.009341570548713207,,0.0014649537624791265,0.04983234405517578
flash_repl_05,Flash mix,1,97,200,0.485,0.6837515830993652,0.009156494401395321,0.011466247960925102,0.0009270704467780888,0.06574255228042603
flash_repl_05,Flash mix,1,98,200,0.49,0.6659612655639648,0.00915624387562275,,0.0008589220815338194,0.047651078552007675
flash_repl_05,Flash mix,1,99,200,0.495,0.6321110129356384,0.008980663493275642,,0.0014736221637576818,0.061626363545656204
flash_repl_05,Flash mix,1,100,200,0.5,0.6792939305305481,0.011196755804121494,,0.0016673204954713583,0.05705224350094795
flash_repl_05,Flash mix,1,101,200,0.505,0.6802639961242676,0.010760043747723103,,0.0018131501274183393,0.07031495869159698
flash_repl_05,Flash mix,1,102,200,0.51,0.6691932082176208,0.009281856007874012,,0.0013589797308668494,0.05781308561563492
flash_repl_05,Flash mix,1,103,200,0.515,0.6276968121528625,0.011060974560678005,0.034395746886730194,0.001741004758514464,0.06306638568639755
flash_repl_05,Flash mix,1,104,200,0.52,0.678753674030304,0.010457673110067844,,0.001401738147251308,0.0576162189245224
flash_repl_05,Flash mix,1,105,200,0.525,0.6930076479911804,0.009807122871279716,,0.0011735712178051472,0.037600308656692505
flash_repl_05,Flash mix,1,106,200,0.53,0.6489531993865967,0.009281642735004425,,0.0011502389097586274,0.07290982455015182
flash_repl_05,Flash mix,1,107,200,0.535,0.7011438608169556,0.010546623729169369,,0.0014901543036103249,0.037903644144535065
flash_repl_05,Flash mix,1,108,200,0.54,0.6738730072975159,0.010371104814112186,,0.001038745162077248,0.0546395406126976
flash_repl_05,Flash mix,1,109,200,0.545,0.6771822571754456,0.01135783176869154,0.0002268682437716052,0.0005897385417483747,0.04383629187941551
flash_repl_05,Flash mix,1,110,200,0.55,0.6520271897315979,0.010215653106570244,,0.0008099625119939446,0.057914502918720245
flash_repl_05,Flash mix,1,111,200,0.555,0.6650645732879639,0.011619037948548794,,0.0018190521514043212,0.07410985976457596
flash_repl_05,Flash mix,1,112,200,0.56,0.6211081147193909,0.010854151099920273,,0.0011673850240185857,0.047359563410282135
flash_repl_05,Flash mix,1,113,200,0.565,0.6468384265899658,0.012068203650414944,,0.0011179997818544507,0.049293894320726395
flash_repl_05,Flash mix,1,114,200,0.57,0.6664692163467407,0.00969841331243515,,0.0012424734886735678,0.08531548082828522
flash_repl_05,Flash mix,1,115,200,0.575,0.6702525615692139,0.01058756560087204,0.013474099338054657,0.0004422039492055774,0.07671080529689789
flash_repl_05,Flash mix,1,116,200,0.58,0.7094822525978088,0.010419967584311962,,0.0011117974063381553,0.05782899260520935
flash_repl_05,Flash mix,1,117,200,0.585,0.6619020104408264,0.01018060278147459,,0.001355870976112783,0.05271860957145691
flash_repl_05,Flash mix,1,118,200,0.59,0.6668920516967773,0.00952661782503128,,0.0014875049237161875,0.0575617179274559
flash_repl_05,Flash mix,1,119,200,0.595,0.6304579377174377,0.010228284634649754,,0.0016036884626373649,0.061285391449928284
flash_repl_05,Flash mix,1,120,200,0.6,0.6824156641960144,0.009317907504737377,,0.0007503282395191491,0.07404807209968567
flash_repl_05,Flash mix,1,121,200,0.605,0.6352373361587524,0.010821446776390076,-0.003469701623544097,0.0014303228817880154,0.05156586691737175
flash_repl_05,Flash mix,1,122,200,0.61,0.6713956594467163,0.00975487194955349,,0.0011812715092673898,0.049287132918834686
flash_repl_05,Flash mix,1,123,200,0.615,0.6634039282798767,0.010457279160618782,,0.0014247550861909986,0.05432763323187828
flash_repl_05,Flash mix,1,124,200,0.62,0.6671575307846069,0.012228514067828655,,0.001071046106517315,0.04499908909201622
flash_repl_05,Flash mix,1,125,200,0.625,0.6810328960418701,0.01008859183639288,,0.0011991513893008232,0.06335747241973877
flash_repl_05,Flash mix,1,126,200,0.63,0.7056174278259277,0.010459257289767265,,0.0015628756955265999,0.04052579775452614
flash_repl_05,Flash mix,1,127,200,0.635,0.6745299100875854,0.012220242992043495,0.0070608509704470634,0.0018262206576764584,0.07190921157598495
flash_repl_05,Flash mix,1,128,200,0.64,0.6323664784431458,0.009804338216781616,,0.0012349197641015053,0.03866267949342728
flash_repl_05,Flash mix,1,129,200,0.645,0.6775068640708923,0.010610150173306465,,0.0012478402350097895,0.05797251686453819
flash_repl_05,Flash mix,1,130,200,0.65,0.645350456237793,0.009866536594927311,,0.0019956096075475216,0.07062986493110657
flash_repl_05,Flash mix,1,131,200,0.655,0.6443670392036438,0.012481937184929848,,0.0017090770415961742,0.057039301842451096
flash_repl_05,Flash mix,1,132,200,0.66,0.644713282585144,0.009989659301936626,,0.001435818849131465,0.05294967070221901
flash_repl_05,Flash mix,1,133,200,0.665,0.6435297727584839,0.010248410515487194,0.04810793697834015,0.001684068702161312,0.05494024604558945
flash_repl_05,Flash mix,1,134,200,0.67,0.6415282487869263,0.01051962748169899,,0.001202256535179913,0.0643140897154808
flash_repl_05,Flash mix,1,135,200,0.675,0.6635058522224426,0.01066720299422741,,0.0006764374556951225,0.06109771132469177
flash_repl_05,Flash mix,1,136,200,0.68,0.6513997912406921,0.011656452901661396,,0.000586716749239713,0.053773824125528336
flash_repl_05,Flash mix,1,137,200,0.685,0.6459594368934631,0.011185172945261002,,0.00100581138394773,0.05361052230000496
flash_repl_05,Flash mix,1,138,200,0.69,0.6729655265808105,0.009623585268855095,,0.0009555661818012595,0.04007155820727348
flash_repl_05,Flash mix,1,139,200,0.695,0.698279857635498,0.009694947861135006,-0.001023430610075593,0.0006284696864895523,0.06498879194259644
flash_repl_05,Flash mix,1,140,200,0.7,0.649050772190094,0.015413600020110607,,0.0009351620683446527,0.0448511578142643
flash_repl_05,Flash mix,1,141,200,0.705,0.6664504408836365,0.009566396474838257,,0.0013256320962682366,0.05280011519789696
flash_repl_05,Flash mix,1,142,200,0.71,0.6909079551696777,0.010129950940608978,,0.0009614229202270508,0.043213605880737305
flash_repl_05,Flash mix,1,143,200,0.715,0.6882626414299011,0.009225686080753803,,0.0008349859272129834,0.0481344498693943
flash_repl_05,Flash mix,1,144,200,0.72,0.6442540884017944,0.00899946317076683,,0.001886397018097341,0.06164298579096794
flash_repl_05,Flash mix,1,145,200,0.725,0.6677095293998718,0.0104255061596632,0.029095051810145378,0.001377264503389597,0.05582527071237564
flash_repl_05,Flash mix,1,146,200,0.73,0.6586848497390747,0.010706502944231033,,0.0014108102768659592,0.06741797178983688
flash_repl_05,Flash mix,1,147,200,0.735,0.7206023335456848,0.010191752575337887,,0.0006703161634504795,0.047987647354602814
flash_repl_05,Flash mix,1,148,200,0.74,0.6538228392601013,0.008817503228783607,,0.001011838554404676,0.05696513131260872
flash_repl_05,Flash mix,1,149,200,0.745,0.6753702759742737,0.008790150284767151,,0.0016267719911411405,0.05220578610897064
flash_repl_05,Flash mix,1,150,200,0.75,0.6469718813896179,0.009449961595237255,,0.0015714005567133427,0.06457658112049103
flash_repl_05,Flash mix,1,151,200,0.755,0.6317450404167175,0.01125247497111559,0.014894736930727959,0.0012280370574444532,0.05957970395684242
flash_repl_05,Flash mix,1,152,200,0.76,0.6756641864776611,0.015310107730329037,,0.0010597303044050932,0.09734365344047546
flash_repl_05,Flash mix,1,153,200,0.765,0.6803862452507019,0.009943211451172829,,0.0009591176058165729,0.053358688950538635
flash_repl_05,Flash mix,1,154,200,0.77,0.6769117116928101,0.010589472018182278,,0.001198930200189352,0.07424432784318924
flash_repl_05,Flash mix,1,155,200,0.775,0.6973844766616821,0.012047054246068,,0.0011164452880620956,0.08172591775655746
flash_repl_05,Flash mix,1,156,200,0.78,0.6616834402084351,0.010570173151791096,,0.001567244646139443,0.0786437839269638
flash_repl_05,Flash mix,1,157,200,0.785,0.6322853565216064,0.009270037524402142,0.06952767819166183,0.0015182186616584659,0.05886800214648247
flash_repl_05,Flash mix,1,158,200,0.79,0.7052913308143616,0.010411643423140049,,0.0012046580668538809,0.04311375692486763
flash_repl_05,Flash mix,1,159,200,0.795,0.6535059213638306,0.011902768164873123,,0.0016861733747646213,0.06357137113809586
flash_repl_05,Flash mix,1,160,200,0.8,0.6905214786529541,0.010430525988340378,,0.0010534633183851838,0.038907624781131744
flash_repl_05,Flash mix,1,161,200,0.805,0.6628322005271912,0.013313060626387596,,0.0012330455938354135,0.07511834800243378
flash_repl_05,Flash mix,1,162,200,0.81,0.651228129863739,0.010461251251399517,,0.0008117706747725606,0.05512448400259018
flash_repl_05,Flash mix,1,163,200,0.815,0.6964762210845947,0.011404396034777164,0.02239193581044674,0.0010015580337494612,0.061406128108501434
flash_repl_05,Flash mix,1,164,200,0.82,0.7001179456710815,0.012086721137166023,,0.0016549441497772932,0.057186421006917953
flash_repl_05,Flash mix,1,165,200,0.825,0.6675816178321838,0.009669065475463867,,0.000714723311830312,0.05480265989899635
flash_repl_05,Flash mix,1,166,200,0.83,0.711296558380127,0.01734364777803421,,0.0009758213418535888,0.0591551698744297
flash_repl_05,Flash mix,1,167,200,0.835,0.6790637373924255,0.015648284927010536,,0.0008210180676542222,0.05293436720967293
flash_repl_05,Flash mix,1,168,200,0.84,0.691018283367157,0.012099518440663815,,0.0014955666847527027,0.05828922614455223
flash_repl_05,Flash mix,1,169,200,0.845,0.6441895365715027,0.012774771079421043,0.02701301872730255,0.0014992504147812724,0.07466352730989456
flash_repl_05,Flash mix,1,170,200,0.85,0.6673503518104553,0.01369544118642807,,0.0016065016388893127,0.055108483880758286
flash_repl_05,Flash mix,1,171,200,0.855,0.7241063714027405,0.009991290979087353,,0.0004641448031179607,0.0399300679564476
flash_repl_05,Flash mix,1,172,200,0.86,0.6663919687271118,0.01306831557303667,,0.001023436663672328,0.056197647005319595
flash_repl_05,Flash mix,1,173,200,0.865,0.6275753378868103,0.01544731855392456,,0.0017373175360262394,0.07187038660049438
flash_repl_05,Flash mix,1,174,200,0.87,0.6751819252967834,0.012543200515210629,,0.001423342851921916,0.047637782990932465
flash_repl_05,Flash mix,1,175,200,0.875,0.7021142840385437,0.00991789996623993,-0.004636579193174839,0.0006790402694605291,0.05161355808377266
flash_repl_05,Flash mix,1,176,200,0.88,0.6808872222900391,0.010138509795069695,,0.0017852109158411622,0.056716203689575195
flash_repl_05,Flash mix,1,177,200,0.885,0.6313902139663696,0.008830174803733826,,0.0006728828302584589,0.06557659059762955
flash_repl_05,Flash mix,1,178,200,0.89,0.6714766025543213,0.011759769171476364,,0.0005703856004402041,0.057634517550468445
flash_repl_05,Flash mix,1,179,200,0.895,0.6601932048797607,0.011221007443964481,,0.0014075357466936111,0.04936107620596886
flash_repl_05,Flash mix,1,180,200,0.9,0.6631263494491577,0.012391399592161179,,0.0012480799341574311,0.08042611926794052
flash_repl_05,Flash mix,1,181,200,0.905,0.6861000061035156,0.011059350334107876,-0.00606849929317832,0.0011722184717655182,0.04786796495318413
flash_repl_05,Flash mix,1,182,200,0.91,0.6365014910697937,0.01163388416171074,,0.0009769441094249487,0.04844868555665016
flash_repl_05,Flash mix,1,183,200,0.915,0.6448315382003784,0.01047840341925621,,0.0008114413358271122,0.06795382499694824
flash_repl_05,Flash mix,1,184,200,0.92,0.646612823009491,0.013000157661736012,,0.0006897911080159247,0.06293266266584396
flash_repl_05,Flash mix,1,185,200,0.925,0.6161410808563232,0.013924891129136086,,0.0013032954884693027,0.05010013282299042
flash_repl_05,Flash mix,1,186,200,0.93,0.6851769685745239,0.010224485769867897,,0.0008223684271797538,0.06973002105951309
flash_repl_05,Flash mix,1,187,200,0.935,0.6756038665771484,0.013033391907811165,-0.0012103132903575897,0.0012346694711595774,0.07374785840511322
flash_repl_05,Flash mix,1,188,200,0.94,0.6497244834899902,0.01155460998415947,,0.0014682747423648834,0.046325813978910446
flash_repl_05,Flash mix,1,189,200,0.945,0.6674347519874573,0.010563969612121582,,0.0009271659655496478,0.04053539037704468
flash_repl_05,Flash mix,1,190,200,0.95,0.6657481789588928,0.012056463398039341,,0.0011230219388380647,0.04385063052177429
flash_repl_05,Flash mix,1,191,200,0.955,0.6886715292930603,0.010692019015550613,,0.0019381821621209383,0.05662823095917702
flash_repl_05,Flash mix,1,192,200,0.96,0.6400318741798401,0.013194840401411057,,0.001093992148526013,0.0987541601061821
flash_repl_05,Flash mix,1,193,200,0.965,0.6498482823371887,0.010392644442617893,0.004617717582732439,0.0008947211317718029,0.05110054463148117
flash_repl_05,Flash mix,1,194,200,0.97,0.7220998406410217,0.009757648222148418,,0.0010219723917543888,0.05658917874097824
flash_repl_05,Flash mix,1,195,200,0.975,0.6747852563858032,0.008787751197814941,,0.0010506653925403953,0.06225822865962982
flash_repl_05,Flash mix,1,196,200,0.98,0.6849284768104553,0.013455627486109734,,0.0012985715875402093,0.0947924479842186
flash_repl_05,Flash mix,1,197,200,0.985,0.7211660742759705,0.012039277702569962,,0.0012562813935801387,0.059415701776742935
flash_repl_05,Flash mix,1,198,200,0.99,0.6458369493484497,0.009333028458058834,,0.0007451564888469875,0.07023586332798004
flash_repl_05,Flash mix,1,199,200,0.995,0.6684271693229675,0.011077120900154114,0.03118869476020336,0.0011316871969029307,0.04771207645535469
flash_repl_05,Flash mix,1,200,200,1.0,0.6546595096588135,0.011766711249947548,,0.001719081774353981,0.06561724841594696
flash_repl_05,Flash mix,1,200,200,1.0,,,,,
psro_hetero_ev,heterogeneous,1,1,100,0.01,0.6660210490226746,0.0,0.0011841518571600318,0.0,0.04652618244290352
psro_hetero_ev,heterogeneous,1,2,100,0.02,0.6614238619804382,0.0008140313439071178,,0.0011234013363718987,0.0781366229057312
psro_hetero_ev,heterogeneous,1,3,100,0.03,0.6853045225143433,0.0008699871832504869,,0.001661474583670497,0.04737682640552521
psro_hetero_ev,heterogeneous,1,4,100,0.04,0.6564875841140747,0.0008979048579931259,,0.0010830715764313936,0.06351756304502487
psro_hetero_ev,heterogeneous,1,5,100,0.05,0.6834787130355835,0.0008768655243329704,,0.0009628114057704806,0.047046925872564316
psro_hetero_ev,heterogeneous,1,6,100,0.06,0.6646327972412109,0.0010201256955042481,,0.0022048507817089558,0.06090888753533363
psro_hetero_ev,heterogeneous,1,7,100,0.07,0.663147509098053,0.001075632288120687,0.011278819292783737,0.0017393195303156972,0.05176118388772011
psro_hetero_ev,heterogeneous,1,8,100,0.08,0.6552034020423889,0.001091165468096733,,0.0014690925600007176,0.09488695114850998
psro_hetero_ev,heterogeneous,1,9,100,0.09,0.6594216823577881,0.0012210014974698424,,0.0009014423121698201,0.06712150573730469
psro_hetero_ev,heterogeneous,1,10,100,0.1,0.6460142135620117,0.0013700192794203758,,0.0014004200929775834,0.06795604526996613
psro_hetero_ev,heterogeneous,1,11,100,0.11,0.6668293476104736,0.001432868535630405,,0.001438676379621029,0.056557245552539825
psro_hetero_ev,heterogeneous,1,12,100,0.12,0.687999963760376,0.0015147662488743663,,0.00234791892580688,0.04650845006108284
psro_hetero_ev,heterogeneous,1,13,100,0.13,0.6598750352859497,0.001575037487782538,0.0008710107649676502,0.001025640987791121,0.04591792821884155
psro_hetero_ev,heterogeneous,1,14,100,0.14,0.6604055762290955,0.0019628682639449835,,0.0015002143336459994,0.044729117304086685
psro_hetero_ev,heterogeneous,1,15,100,0.15,0.6399683952331543,0.0018389844335615635,,0.001073066028766334,0.04672769084572792
psro_hetero_ev,heterogeneous,1,16,100,0.16,0.6595230102539062,0.002100644400343299,,0.001320858602412045,0.04578635096549988
psro_hetero_ev,heterogeneous,1,17,100,0.17,0.644362211227417,0.002307024085894227,,0.0013335873372852802,0.05228479579091072
psro_hetero_ev,heterogeneous,1,18,100,0.18,0.6430675983428955,0.0022387285716831684,,0.001276731607504189,0.05042228847742081
psro_hetero_ev,heterogeneous,1,19,100,0.19,0.6326369643211365,0.002986823208630085,-0.006320897489786148,0.0010624940041452646,0.07492098957300186
psro_hetero_ev,heterogeneous,1,20,100,0.2,0.6366280317306519,0.0032387322280555964,,0.0016122531378641725,0.07662764191627502
psro_hetero_ev,heterogeneous,1,21,100,0.21,0.6811453700065613,0.003416971769183874,,0.0010454286821186543,0.05482596531510353
psro_hetero_ev,heterogeneous,1,22,100,0.22,0.6390135288238525,0.00350573961623013,,0.0011076241498813033,0.05059104412794113
psro_hetero_ev,heterogeneous,1,23,100,0.23,0.6658273339271545,0.0033763423562049866,,0.001165048568509519,0.04844909533858299
psro_hetero_ev,heterogeneous,1,24,100,0.24,0.6717986464500427,0.0035465252585709095,,0.0013293452793732285,0.05578123405575752
psro_hetero_ev,heterogeneous,1,25,100,0.25,0.6773573160171509,0.003153225639835,0.02781454101204872,0.001246623694896698,0.05639295652508736
psro_hetero_ev,heterogeneous,1,26,100,0.26,0.6590909957885742,0.0036948230117559433,,0.001161562860943377,0.058652475476264954
psro_hetero_ev,heterogeneous,1,27,100,0.27,0.6758003830909729,0.0027274880558252335,,0.0004964011022821069,0.04733742028474808
psro_hetero_ev,heterogeneous,1,28,100,0.28,0.6516210436820984,0.003924517426639795,,0.001284596510231495,0.06036212295293808
psro_hetero_ev,heterogeneous,1,29,100,0.29,0.6911452412605286,0.0037582216318696737,,0.0007118282373994589,0.056813932955265045
psro_hetero_ev,heterogeneous,1,30,100,0.3,0.6189790964126587,0.0032285857014358044,,0.0013432527193799615,0.0683966875076294
psro_hetero_ev,heterogeneous,1,31,100,0.31,0.6890059113502502,0.0033145092893391848,0.0017054928466677666,0.0015340785030275583,0.04795093089342117
psro_hetero_ev,heterogeneous,1,32,100,0.32,0.6853636503219604,0.0029737697914242744,,0.00023441162193194032,0.05549081787467003
psro_hetero_ev,heterogeneous,1,33,100,0.33,0.6630063652992249,0.0029438745696097612,,0.0007431787089444697,0.051381420344114304
psro_hetero_ev,heterogeneous,1,34,100,0.34,0.7072972059249878,0.003139390842989087,,0.001168472459539771,0.0626848116517067
psro_hetero_ev,heterogeneous,1,35,100,0.35,0.6946866512298584,0.0031636336352676153,,0.001990362536162138,0.06192905828356743
psro_hetero_ev,heterogeneous,1,36,100,0.36,0.6960904002189636,0.003708301344886422,,0.0010657194070518017,0.06879337877035141
psro_hetero_ev,heterogeneous,1,37,100,0.37,0.6831368803977966,0.002773432293906808,0.012952804565429688,0.0010410641552880406,0.04824969545006752
psro_hetero_ev,heterogeneous,1,38,100,0.38,0.6898615956306458,0.002758908085525036,,0.0004452359862625599,0.06200418621301651
psro_hetero_ev,heterogeneous,1,39,100,0.39,0.6829801797866821,0.0029496552888303995,,0.0005643977783620358,0.04918684810400009
psro_hetero_ev,heterogeneous,1,40,100,0.4,0.6729509234428406,0.0030578237492591143,,0.0004662004648707807,0.0567752867937088
psro_hetero_ev,heterogeneous,1,41,100,0.41,0.649276077747345,0.003615559311583638,,0.0008372580050490797,0.06429263204336166
psro_hetero_ev,heterogeneous,1,42,100,0.42,0.6771121621131897,0.003225394757464528,,0.0011681002797558904,0.05891955643892288
psro_hetero_ev,heterogeneous,1,43,100,0.43,0.6661725640296936,0.003420516848564148,0.011160893365740776,0.0013480116613209248,0.04770108312368393
psro_hetero_ev,heterogeneous,1,44,100,0.44,0.6319376230239868,0.00375831569544971,,0.0009858397534117103,0.05604523792862892
psro_hetero_ev,heterogeneous,1,45,100,0.45,0.6709588170051575,0.0032869160640984774,,0.0006938822916708887,0.051158662885427475
psro_hetero_ev,heterogeneous,1,46,100,0.46,0.6508639454841614,0.003976959735155106,,0.002498750574886799,0.05839524045586586
psro_hetero_ev,heterogeneous,1,47,100,0.47,0.6875876784324646,0.003964824136346579,,0.001327140023931861,0.05971984565258026
psro_hetero_ev,heterogeneous,1,48,100,0.48,0.6726950407028198,0.003900498617440462,,0.0010062612127512693,0.05624948441982269
psro_hetero_ev,heterogeneous,1,49,100,0.49,0.6727906465530396,0.0037303392309695482,0.02379617840051651,0.00124083471018821,0.042050961405038834
psro_hetero_ev,heterogeneous,1,50,100,0.5,0.7161811590194702,0.004084344487637281,,0.0010615711798891425,0.048920728266239166
psro_hetero_ev,heterogeneous,1,51,100,0.51,0.6949023008346558,0.004315836820751429,,0.0005850006127730012,0.047360241413116455
psro_hetero_ev,heterogeneous,1,52,100,0.52,0.7108659744262695,0.003745343303307891,,0.001123595517128706,0.04576202854514122
psro_hetero_ev,heterogeneous,1,53,100,0.53,0.6716572642326355,0.0046798549592494965,,0.0006938822916708887,0.0489303283393383
psro_hetero_ev,heterogeneous,1,54,100,0.54,0.6653091311454773,0.0034628307912498713,,0.002056651283055544,0.058364640921354294
psro_hetero_ev,heterogeneous,1,55,100,0.55,0.6959459185600281,0.00459141843020916,0.010634593665599823,0.001339136273600161,0.05236006900668144
psro_hetero_ev,heterogeneous,1,56,100,0.56,0.6931307911872864,0.0042831627652049065,,0.0007236638339236379,0.06800490617752075
psro_hetero_ev,heterogeneous,1,57,100,0.57,0.680480420589447,0.004007779993116856,,0.0006740058306604624,0.07063561677932739
psro_hetero_ev,heterogeneous,1,58,100,0.58,0.7082417607307434,0.0045621683821082115,,0.0006770480540581048,0.09034917503595352
psro_hetero_ev,heterogeneous,1,59,100,0.59,0.6801411509513855,0.0045841350220143795,,0.0018356548389419913,0.05622406676411629
psro_hetero_ev,heterogeneous,1,60,100,0.6,0.6974884271621704,0.003851403249427676,,0.001172638381831348,0.048222966492176056
psro_hetero_ev,heterogeneous,1,61,100,0.61,0.6462385058403015,0.004510053433477879,-0.00024417665554210544,0.0016156828496605158,0.060009732842445374
psro_hetero_ev,heterogeneous,1,62,100,0.62,0.6855338215827942,0.0042541977018117905,,0.0011767223477363586,0.05515601485967636
psro_hetero_ev,heterogeneous,1,63,100,0.63,0.6505955457687378,0.004394295159727335,,0.0010562704410403967,0.047053012996912
psro_hetero_ev,heterogeneous,1,64,100,0.64,0.6722607612609863,0.00480873417109251,,0.001351742772385478,0.05500674247741699
psro_hetero_ev,heterogeneous,1,65,100,0.65,0.6510504484176636,0.00477774441242218,,0.0013539815554395318,0.07520543038845062
psro_hetero_ev,heterogeneous,1,66,100,0.66,0.6539407968521118,0.004211572464555502,,0.001090620644390583,0.0488223060965538
psro_hetero_ev,heterogeneous,1,67,100,0.67,0.6372096538543701,0.004296007566154003,-0.0015648454427719116,0.0008862302056513727,0.06392651051282883
psro_hetero_ev,heterogeneous,1,68,100,0.68,0.6955834627151489,0.004386312793940306,,0.0009957680013030767,0.05765237286686897
psro_hetero_ev,heterogeneous,1,69,100,0.69,0.6837866306304932,0.0046778577379882336,,0.0012790450127795339,0.05913649871945381
psro_hetero_ev,heterogeneous,1,70,100,0.7,0.670311450958252,0.004353201016783714,,0.0015461465809494257,0.06285616010427475
psro_hetero_ev,heterogeneous,1,71,100,0.71,0.6782230734825134,0.005175099708139896,,0.0013879250036552548,0.05804251506924629
psro_hetero_ev,heterogeneous,1,72,100,0.72,0.6612964868545532,0.005434748716652393,,0.001270513515919447,0.05308379977941513
psro_hetero_ev,heterogeneous,1,73,100,0.73,0.6837576627731323,0.004778806585818529,0.014063401147723198,0.0013435303699225187,0.04432767629623413
psro_hetero_ev,heterogeneous,1,74,100,0.74,0.6524792313575745,0.004729870706796646,,0.000741761177778244,0.07205376774072647
psro_hetero_ev,heterogeneous,1,75,100,0.75,0.7147740721702576,0.004151844885200262,,0.0009345794678665698,0.05838606134057045
psro_hetero_ev,heterogeneous,1,76,100,0.76,0.6916971802711487,0.004553513135761023,,0.0005472255870699883,0.057892896234989166
psro_hetero_ev,heterogeneous,1,77,100,0.77,0.6596299409866333,0.004796754103153944,,0.000836382620036602,0.05688217282295227
psro_hetero_ev,heterogeneous,1,78,100,0.78,0.6805139183998108,0.004288972355425358,,0.00140322744846344,0.04668235778808594
psro_hetero_ev,heterogeneous,1,79,100,0.79,0.6570023894309998,0.004217647481709719,0.009032098576426506,0.0008501335978507996,0.058479949831962585
psro_hetero_ev,heterogeneous,1,80,100,0.8,0.6784886121749878,0.004457736853510141,,0.0009740655077621341,0.05553889647126198
psro_hetero_ev,heterogeneous,1,81,100,0.81,0.6486487984657288,0.005618455819785595,,0.0017279447056353092,0.0728263109922409
psro_hetero_ev,heterogeneous,1,82,100,0.82,0.6741432547569275,0.004513059742748737,,0.0008358209161087871,0.05021808296442032
psro_hetero_ev,heterogeneous,1,83,100,0.83,0.6640258431434631,0.004124851431697607,,0.0008208255167119205,0.059571947902441025
psro_hetero_ev,heterogeneous,1,84,100,0.84,0.6348097920417786,0.005025455728173256,,0.0016156538622453809,0.05743801221251488
psro_hetero_ev,heterogeneous,1,85,100,0.85,0.6665402054786682,0.004573957994580269,-0.014993476681411266,0.0010232272325083613,0.07150112092494965
psro_hetero_ev,heterogeneous,1,86,100,0.86,0.6759340763092041,0.005844173487275839,,0.00151103048119694,0.07326607406139374
psro_hetero_ev,heterogeneous,1,87,100,0.87,0.6846413016319275,0.004389678128063679,,0.0016450750408694148,0.06608539074659348
psro_hetero_ev,heterogeneous,1,88,100,0.88,0.6897194385528564,0.0045997886918485165,,0.0013645223807543516,0.05509217455983162
psro_hetero_ev,heterogeneous,1,89,100,0.89,0.679726779460907,0.004713207017630339,,0.0012013454688712955,0.05443061888217926
psro_hetero_ev,heterogeneous,1,90,100,0.9,0.6738507747650146,0.004688538610935211,,0.001176470541395247,0.056804109364748
psro_hetero_ev,heterogeneous,1,91,100,0.91,0.6905490756034851,0.005330135114490986,0.0069792745634913445,0.0013341543963178992,0.05470972880721092
psro_hetero_ev,heterogeneous,1,92,100,0.92,0.647423267364502,0.005759724881500006,,0.0008965929737314582,0.052257735282182693
psro_hetero_ev,heterogeneous,1,93,100,0.93,0.6636335849761963,0.005745127331465483,,0.0014781965874135494,0.056783340871334076
psro_hetero_ev,heterogeneous,1,94,100,0.94,0.6237065196037292,0.005194750148802996,,0.0006605020025745034,0.050156235694885254
psro_hetero_ev,heterogeneous,1,95,100,0.95,0.6384145021438599,0.005000432953238487,,0.0009322270634584129,0.058579977601766586
psro_hetero_ev,heterogeneous,1,96,100,0.96,0.618182361125946,0.004943021573126316,,0.0014011209132149816,0.06190534308552742
psro_hetero_ev,heterogeneous,1,97,100,0.97,0.6929276585578918,0.005975835956633091,-0.0016594021581113338,0.0012863115407526493,0.043436188250780106
psro_hetero_ev,heterogeneous,1,98,100,0.98,0.6662546396255493,0.006032394710928202,,0.0013265798334032297,0.04132809489965439
psro_hetero_ev,heterogeneous,1,99,100,0.99,0.6629424691200256,0.0060707698576152325,,0.000917992671020329,0.04508308693766594
psro_hetero_ev,heterogeneous,1,100,100,1.0,0.6573243141174316,0.005753860808908939,,0.0010093363234773278,0.055865224450826645
psro_hetero_ev,heterogeneous,1,100,100,1.0,,,,,
leash_kl001,weak-KL ablation,0,1,150,0.006666666666666667,0.6290171146392822,0.0,0.02283523790538311,0.0,0.04786568507552147
leash_kl001,weak-KL ablation,0,2,150,0.013333333333333334,0.674429178237915,0.0008160086581483483,,0.0004911591531708837,0.03833794593811035
leash_kl001,weak-KL ablation,0,3,150,0.02,0.6217641830444336,0.0008534683147445321,,0.0011112140491604805,0.04777625948190689
leash_kl001,weak-KL ablation,0,4,150,0.02666666666666667,0.6104763150215149,0.0008598073036409914,,0.0011418532812967896,0.05693762004375458
leash_kl001,weak-KL ablation,0,5,150,0.03333333333333333,0.6572163701057434,0.0008802243391983211,,0.001616978319361806,0.04855787754058838
leash_kl001,weak-KL ablation,0,6,150,0.04,0.6230355501174927,0.0009176603052765131,,0.00231567258015275,0.04816712439060211
leash_kl001,weak-KL ablation,0,7,150,0.04666666666666667,0.6566895842552185,0.0009024938917718828,-0.02771540731191635,0.001179245300590992,0.04608092084527016
leash_kl001,weak-KL ablation,0,8,150,0.05333333333333334,0.6549121141433716,0.0010099163046106696,,0.0014033680781722069,0.051436565816402435
leash_kl001,weak-KL ablation,0,9,150,0.06,0.6485726833343506,0.0009738803491927683,,0.001081440830603242,0.03970692306756973
leash_kl001,weak-KL ablation,0,10,150,0.06666666666666667,0.667833685874939,0.0009262123494409025,,0.0009155645966529846,0.04772389307618141
leash_kl001,weak-KL ablation,0,11,150,0.07333333333333333,0.660466730594635,0.001038201036863029,,0.000933513103518635,0.03682630509138107
leash_kl001,weak-KL ablation,0,12,150,0.08,0.6722038388252258,0.0012168848188593984,,0.0019357777200639248,0.047490689903497696
leash_kl001,weak-KL ablation,0,13,150,0.08666666666666667,0.7020535469055176,0.0010833624983206391,-0.02350233867764473,0.0007435734150931239,0.05827132239937782
leash_kl001,weak-KL ablation,0,14,150,0.09333333333333334,0.6580570936203003,0.001182985957711935,,0.0009907232597470284,0.056817300617694855
leash_kl001,weak-KL ablation,0,15,150,0.1,0.6480329036712646,0.0011636267881840467,,0.0009247842244803905,0.053364288061857224
leash_kl001,weak-KL ablation,0,16,150,0.10666666666666667,0.6326744556427002,0.0012727960711345077,,0.0007455036975443363,0.06414368003606796
leash_kl001,weak-KL ablation,0,17,150,0.11333333333333333,0.6628476977348328,0.0012525030178949237,,0.001219140482135117,0.05853109061717987
leash_kl001,weak-KL ablation,0,18,150,0.12,0.6542093753814697,0.0014335423475131392,,0.002224793191999197,0.058681149035692215
leash_kl001,weak-KL ablation,0,19,150,0.12666666666666668,0.6456201076507568,0.0014309544349089265,0.0036519146524369717,0.0009265264379791915,0.05953687056899071
leash_kl001,weak-KL ablation,0,20,150,0.13333333333333333,0.6361514329910278,0.0014122568536549807,,0.001406206050887704,0.05751696601510048
leash_kl001,weak-KL ablation,0,21,150,0.14,0.6604913473129272,0.0016783670289441943,,0.0009753502672538161,0.04976017773151398
leash_kl001,weak-KL ablation,0,22,150,0.14666666666666667,0.62324458360672,0.0018141284817829728,,0.0022488755639642477,0.06775853037834167
leash_kl001,weak-KL ablation,0,23,150,0.15333333333333332,0.6408390402793884,0.0016853456618264318,,0.001680044806562364,0.05233953520655632
leash_kl001,weak-KL ablation,0,24,150,0.16,0.6476912498474121,0.0019128260901197791,,0.0016441005282104015,0.053003642708063126
leash_kl001,weak-KL ablation,0,25,150,0.16666666666666666,0.6681596636772156,0.0019574062898755074,-0.01613575592637062,0.0012051822850480676,0.07531428337097168
leash_kl001,weak-KL ablation,0,26,150,0.17333333333333334,0.7013574838638306,0.001989224459975958,,0.0017109615728259087,0.05959567427635193
leash_kl001,weak-KL ablation,0,27,150,0.18,0.6171156167984009,0.002010008320212364,,0.0019244226859882474,0.07963511347770691
leash_kl001,weak-KL ablation,0,28,150,0.18666666666666668,0.698792040348053,0.0025723043363541365,,0.001098901149816811,0.06635109335184097
leash_kl001,weak-KL ablation,0,29,150,0.19333333333333333,0.6261572241783142,0.0023342256899923086,,0.0023152614012360573,0.04275961220264435
leash_kl001,weak-KL ablation,0,30,150,0.2,0.6896787881851196,0.002466662088409066,,0.0015380975091829896,0.04101504758000374
leash_kl001,weak-KL ablation,0,31,150,0.20666666666666667,0.6696857810020447,0.002715910552069545,0.0017686852952465415,0.0014873574255034328,0.09436013549566269
leash_kl001,weak-KL ablation,0,32,150,0.21333333333333335,0.6791277527809143,0.0029887454584240913,,0.0007647766033187509,0.06151960790157318
leash_kl001,weak-KL ablation,0,33,150,0.22,0.7200103402137756,0.002865005284547806,,0.0009554140269756317,0.0759304016828537
leash_kl001,weak-KL ablation,0,34,150,0.22666666666666666,0.6558802723884583,0.0033170997630804777,,0.001356710446998477,0.04769938811659813
leash_kl001,weak-KL ablation,0,35,150,0.23333333333333334,0.6831766963005066,0.0031686071306467056,,0.0016188215231522918,0.044813018292188644
leash_kl001,weak-KL ablation,0,36,150,0.24,0.6435047388076782,0.0036257959436625242,,0.0021367522422224283,0.06941796094179153
leash_kl001,weak-KL ablation,0,37,150,0.24666666666666667,0.6848527193069458,0.003318643197417259,-0.0008333336445502937,0.001082485425285995,0.054568447172641754
leash_kl001,weak-KL ablation,0,38,150,0.25333333333333335,0.6594865322113037,0.0040083397179841995,,0.0014516421360895038,0.05440796911716461
leash_kl001,weak-KL ablation,0,39,150,0.26,0.6671320796012878,0.003784013679251075,,0.0011056388029828668,0.05338207259774208
leash_kl001,weak-KL ablation,0,40,150,0.26666666666666666,0.6653624176979065,0.0036361021921038628,,0.0012882447335869074,0.04166805371642113
leash_kl001,weak-KL ablation,0,41,150,0.2733333333333333,0.6512272357940674,0.004385754931718111,,0.002435368951410055,0.0741729885339737
leash_kl001,weak-KL ablation,0,42,150,0.28,0.6495013236999512,0.0039632017724215984,,0.0014622732996940613,0.0641091912984848
leash_kl001,weak-KL ablation,0,43,150,0.2866666666666667,0.636578381061554,0.004333943128585815,0.008227328769862652,0.0014543338911607862,0.059562038630247116
leash_kl001,weak-KL ablation,0,44,150,0.29333333333333333,0.6317492723464966,0.004170834552496672,,0.0009655305766500533,0.05689839646220207
leash_kl001,weak-KL ablation,0,45,150,0.3,0.6775474548339844,0.0044971974566578865,,0.0009738994995132089,0.04564708471298218
leash_kl001,weak-KL ablation,0,46,150,0.30666666666666664,0.6567654013633728,0.0049644880928099155,,0.00133827468380332,0.05309329181909561
leash_kl001,weak-KL ablation,0,47,150,0.31333333333333335,0.6489315032958984,0.004820544272661209,,0.0022107590921223164,0.05098864808678627
leash_kl001,weak-KL ablation,0,48,150,0.32,0.6448686122894287,0.004615109413862228,,0.001986491959542036,0.05353546142578125
leash_kl001,weak-KL ablation,0,49,150,0.32666666666666666,0.6044190526008606,0.00518126180395484,0.013462520204484463,0.0013214403297752142,0.06918993592262268
leash_kl001,weak-KL ablation,0,50,150,0.3333333333333333,0.6602938175201416,0.005355370696634054,,0.001341981696896255,0.04291365668177605
leash_kl001,weak-KL ablation,0,51,150,0.34,0.6705365777015686,0.005091393832117319,,0.0015517623396590352,0.05644926428794861
leash_kl001,weak-KL ablation,0,52,150,0.3466666666666667,0.6537416577339172,0.005565000232309103,,0.0011322068748995662,0.05055570229887962
leash_kl001,weak-KL ablation,0,53,150,0.35333333333333333,0.6416944861412048,0.0058378721587359905,,0.0012308275327086449,0.045582909137010574
leash_kl001,weak-KL ablation,0,54,150,0.36,0.6345809102058411,0.005301296710968018,,0.0025520219933241606,0.060226261615753174
leash_kl001,weak-KL ablation,0,55,150,0.36666666666666664,0.6959601640701294,0.0045985085889697075,-0.02129071205854416,0.0014207650674507022,0.04951772093772888
leash_kl001,weak-KL ablation,0,56,150,0.37333333333333335,0.6989647150039673,0.005155940540134907,,0.0017154760425910354,0.052576694637537
leash_kl001,weak-KL ablation,0,57,150,0.38,0.7047289609909058,0.004929549526423216,,0.0014230534434318542,0.06453675031661987
leash_kl001,weak-KL ablation,0,58,150,0.38666666666666666,0.7163397669792175,0.005534387659281492,,0.001344537828117609,0.04303930327296257
leash_kl001,weak-KL ablation,0,59,150,0.3933333333333333,0.6752686500549316,0.005258104298263788,,0.0009408321348018944,0.07084579020738602
leash_kl001,weak-KL ablation,0,60,150,0.4,0.6801853775978088,0.005460912827402353,,0.0014939309330657125,0.07793720066547394
leash_kl001,weak-KL ablation,0,61,150,0.4066666666666667,0.654854953289032,0.00472995126619935,-0.0011697027366608381,0.0014443040126934648,0.05424898862838745
leash_kl001,weak-KL ablation,0,62,150,0.41333333333333333,0.653087854385376,0.005100609734654427,,0.001015022280625999,0.06849197298288345
leash_kl001,weak-KL ablation,0,63,150,0.42,0.6664453148841858,0.005096954759210348,,0.0011108866892755032,0.06047573685646057
leash_kl001,weak-KL ablation,0,64,150,0.4266666666666667,0.6832385063171387,0.0064560421742498875,,0.000824693706817925,0.04263352230191231
leash_kl001,weak-KL ablation,0,65,150,0.43333333333333335,0.6909773945808411,0.006499802693724632,,0.001315356814302504,0.055392973124980927
leash_kl001,weak-KL ablation,0,66,150,0.44,0.717694878578186,0.005915633402764797,,0.0018782455008476973,0.052200108766555786
leash_kl001,weak-KL ablation,0,67,150,0.44666666666666666,0.6577297449111938,0.00611362187191844,-0.0028564403764903545,0.0007501071668229997,0.05550069361925125
leash_kl001,weak-KL ablation,0,68,150,0.4533333333333333,0.6576066017150879,0.008083789609372616,,0.0015007973415777087,0.05205580219626427
leash_kl001,weak-KL ablation,0,69,150,0.46,0.6740902662277222,0.006775820627808571,,0.0008353443699888885,0.040964625775814056
leash_kl001,weak-KL ablation,0,70,150,0.4666666666666667,0.6788979768753052,0.006562348455190659,,0.0009443762246519327,0.04173526540398598
leash_kl001,weak-KL ablation,0,71,150,0.47333333333333333,0.6532366275787354,0.007344038691371679,,0.001354358159005642,0.06352640688419342
leash_kl001,weak-KL ablation,0,72,150,0.48,0.6490429639816284,0.006845691241323948,,0.0014077897649258375,0.04328751564025879
leash_kl001,weak-KL ablation,0,73,150,0.4866666666666667,0.669130802154541,0.006504441611468792,-0.01968146115541458,0.0010874938452616334,0.07864808291196823
leash_kl001,weak-KL ablation,0,74,150,0.49333333333333335,0.6641217470169067,0.00642998144030571,,0.001073799328878522,0.045582495629787445
leash_kl001,weak-KL ablation,0,75,150,0.5,0.6314610838890076,0.005599789321422577,,0.0007986422860994935,0.0570608526468277
leash_kl001,weak-KL ablation,0,76,150,0.5066666666666667,0.6628594398498535,0.006965039297938347,,0.001384746516123414,0.0631350427865982
leash_kl001,weak-KL ablation,0,77,150,0.5133333333333333,0.7099496722221375,0.007006250787526369,,0.0018036297988146544,0.06606227159500122
leash_kl001,weak-KL ablation,0,78,150,0.52,0.6371914148330688,0.006345567759126425,,0.0020467520225793123,0.061224643141031265
leash_kl001,weak-KL ablation,0,79,150,0.5266666666666666,0.641368567943573,0.0074349804781377316,-0.002236529951915145,0.0011536877136677504,0.5172247886657715
leash_kl001,weak-KL ablation,0,80,150,0.5333333333333333,0.7000335454940796,0.006465736776590347,,0.0008766162791289389,0.05855511128902435
leash_kl001,weak-KL ablation,0,81,150,0.54,0.679948627948761,0.00623753247782588,,0.0013969732681289315,0.050722885876894
leash_kl001,weak-KL ablation,0,82,150,0.5466666666666666,0.6894376873970032,0.00619498360902071,,0.0006043756729923189,0.054517507553100586
leash_kl001,weak-KL ablation,0,83,150,0.5533333333333333,0.691726565361023,0.0074018617160618305,,0.0018087030621245503,0.06060061231255531
leash_kl001,weak-KL ablation,0,84,150,0.56,0.7244177460670471,0.007607170380651951,,0.0012137261219322681,0.056249961256980896
leash_kl001,weak-KL ablation,0,85,150,0.5666666666666667,0.6755202412605286,0.007367798127233982,0.022480960935354233,0.0009714397019706666,0.08276007324457169
leash_kl001,weak-KL ablation,0,86,150,0.5733333333333334,0.6741015315055847,0.007056615315377712,,0.0009229349088855088,0.07854866236448288
leash_kl001,weak-KL ablation,0,87,150,0.58,0.6864186525344849,0.007137208711355925,,0.0005137426196597517,0.06250003725290298
leash_kl001,weak-KL ablation,0,88,150,0.5866666666666667,0.6944072246551514,0.00932838674634695,,0.0008253743872046471,0.07113489508628845
leash_kl001,weak-KL ablation,0,89,150,0.5933333333333334,0.681719958782196,0.0070638516917824745,,0.0019068646943196654,0.0681057870388031
leash_kl001,weak-KL ablation,0,90,150,0.6,0.6709489226341248,0.0078114294447004795,,0.0011645510094240308,0.06922420114278793
leash_kl001,weak-KL ablation,0,91,150,0.6066666666666667,0.6188566088676453,0.008476275950670242,0.040871188044548035,0.00108759303111583,0.05625385791063309
leash_kl001,weak-KL ablation,0,92,150,0.6133333333333333,0.653618574142456,0.007847871631383896,,0.0011283498024567962,0.05733763799071312
leash_kl001,weak-KL ablation,0,93,150,0.62,0.6315449476242065,0.007617820519953966,,0.001642710529267788,0.054457589983940125
leash_kl001,weak-KL ablation,0,94,150,0.6266666666666667,0.6276199221611023,0.009082130156457424,,0.001036806614138186,0.06567609310150146
leash_kl001,weak-KL ablation,0,95,150,0.6333333333333333,0.6374962329864502,0.00894902367144823,,0.0011617515701800585,0.05152861401438713
leash_kl001,weak-KL ablation,0,96,150,0.64,0.6133477687835693,0.0074189091101288795,,0.001216772710904479,0.05342380702495575
leash_kl001,weak-KL ablation,0,97,150,0.6466666666666666,0.6642439365386963,0.008595610968768597,-0.00407592486590147,0.0009337860974483192,0.06736190617084503
leash_kl001,weak-KL ablation,0,98,150,0.6533333333333333,0.6807986497879028,0.009193964302539825,,0.0014344261726364493,0.04499209672212601
leash_kl001,weak-KL ablation,0,99,150,0.66,0.673243522644043,0.008611856028437614,,0.0011707108933478594,0.032303329557180405
leash_kl001,weak-KL ablation,0,100,150,0.6666666666666666,0.6543885469436646,0.009013845585286617,,0.0007669446640647948,0.05695722997188568
leash_kl001,weak-KL ablation,0,101,150,0.6733333333333333,0.6294524669647217,0.008885997347533703,,0.0017635129624977708,0.051494427025318146
leash_kl001,weak-KL ablation,0,102,150,0.68,0.6417609453201294,0.00882108323276043,,0.0007786646019667387,0.05294440686702728
leash_kl001,weak-KL ablation,0,103,150,0.6866666666666666,0.662672758102417,0.0076146298088133335,0.020641233772039413,0.0011566771427169442,0.06407919526100159
leash_kl001,weak-KL ablation,0,104,150,0.6933333333333334,0.6924670934677124,0.007710384204983711,,0.0007303712773136795,0.04598821699619293
leash_kl001,weak-KL ablation,0,105,150,0.7,0.710078239440918,0.007330514956265688,,0.00045677743037231266,0.05313240364193916
leash_kl001,weak-KL ablation,0,106,150,0.7066666666666667,0.700062096118927,0.007559929974377155,,0.0006662965170107782,0.07847879827022552
leash_kl001,weak-KL ablation,0,107,150,0.7133333333333334,0.6257174015045166,0.009377138689160347,,0.001367701217532158,0.05871356278657913
leash_kl001,weak-KL ablation,0,108,150,0.72,0.6626824140548706,0.007723200600594282,,0.0013557483907788992,0.07456304132938385
leash_kl001,weak-KL ablation,0,109,150,0.7266666666666667,0.6670771837234497,0.007510669529438019,-0.002101869322359562,0.0008051529875956476,0.04413365572690964
leash_kl001,weak-KL ablation,0,110,150,0.7333333333333333,0.6216145157814026,0.007656189613044262,,0.0015643691876903176,0.052371423691511154
leash_kl001,weak-KL ablation,0,111,150,0.74,0.6507437229156494,0.00817122869193554,,0.0016205996507778764,0.045660752803087234
leash_kl001,weak-KL ablation,0,112,150,0.7466666666666667,0.5969312787055969,0.008403973653912544,,0.0013177272630855441,0.059421248733997345
leash_kl001,weak-KL ablation,0,113,150,0.7533333333333333,0.6414982676506042,0.00791733805090189,,0.0008469551685266197,0.04525229334831238
leash_kl001,weak-KL ablation,0,114,150,0.76,0.6537196636199951,0.00849247444421053,,0.0008407600689679384,0.053741101175546646
leash_kl001,weak-KL ablation,0,115,150,0.7666666666666667,0.7071706056594849,0.007808953523635864,0.008403449319303036,0.0012950572418048978,0.07072342932224274
leash_kl001,weak-KL ablation,0,116,150,0.7733333333333333,0.6244641542434692,0.00987379252910614,,0.0012216405011713505,0.06036000698804855
leash_kl001,weak-KL ablation,0,117,150,0.78,0.6453763842582703,0.009217437356710434,,0.0011186645133420825,0.054777201265096664
leash_kl001,weak-KL ablation,0,118,150,0.7866666666666666,0.6947677731513977,0.008370009250938892,,0.0008260670001618564,0.0631570965051651
leash_kl001,weak-KL ablation,0,119,150,0.7933333333333333,0.671789824962616,0.00864393636584282,,0.0010131712770089507,0.044321898370981216
leash_kl001,weak-KL ablation,0,120,150,0.8,0.6609811782836914,0.009075816720724106,,0.0007823851774446666,0.05854983255267143
leash_kl001,weak-KL ablation,0,121,150,0.8066666666666666,0.70387864112854,0.008598502725362778,-0.018352871760725975,0.0008898776140995324,0.06606943160295486
leash_kl001,weak-KL ablation,0,122,150,0.8133333333333334,0.6583019495010376,0.008965213783085346,,0.0011544268345460296,0.061842694878578186
leash_kl001,weak-KL ablation,0,123,150,0.82,0.686211347579956,0.00862170197069645,,0.001312335953116417,0.048786912113428116
leash_kl001,weak-KL ablation,0,124,150,0.8266666666666667,0.6685705780982971,0.00899803638458252,,0.0012533946428447962,0.050802092999219894
leash_kl001,weak-KL ablation,0,125,150,0.8333333333333334,0.6554366946220398,0.008085309527814388,,0.0009765625,0.07134445011615753
leash_kl001,weak-KL ablation,0,126,150,0.84,0.6752290725708008,0.009237711317837238,,0.0012064964976161718,0.062065768986940384
leash_kl001,weak-KL ablation,0,127,150,0.8466666666666667,0.655683159828186,0.008083939552307129,0.008831818588078022,0.001183198532089591,0.06766262650489807
leash_kl001,weak-KL ablation,0,128,150,0.8533333333333334,0.651147186756134,0.00753056351095438,,0.0013718868140131235,0.08919310569763184
leash_kl001,weak-KL ablation,0,129,150,0.86,0.6473039984703064,0.008323907852172852,,0.001350308652035892,0.05566849559545517
leash_kl001,weak-KL ablation,0,130,150,0.8666666666666667,0.6785804033279419,0.008179564028978348,,0.0011915077921003103,0.053576938807964325
leash_kl001,weak-KL ablation,0,131,150,0.8733333333333333,0.6932855844497681,0.008245144970715046,,0.0017098193056881428,0.053551189601421356
leash_kl001,weak-KL ablation,0,132,150,0.88,0.6483585834503174,0.00876322016119957,,0.0018504090839996934,0.061687663197517395
leash_kl001,weak-KL ablation,0,133,150,0.8866666666666667,0.7033458948135376,0.008939635008573532,0.010847862809896469,0.0013355249539017677,0.0668196752667427
leash_kl001,weak-KL ablation,0,134,150,0.8933333333333333,0.6823899149894714,0.009797181934118271,,0.0009885330218821764,0.05639258399605751
leash_kl001,weak-KL ablation,0,135,150,0.9,0.6566062569618225,0.007862663827836514,,0.0014643968315795064,0.10633821785449982
leash_kl001,weak-KL ablation,0,136,150,0.9066666666666666,0.6437066197395325,0.01004782784730196,,0.000921828905120492,0.061809323728084564
leash_kl001,weak-KL ablation,0,137,150,0.9133333333333333,0.7115727066993713,0.008756415918469429,,0.0009768010349944234,0.0406918041408062
leash_kl001,weak-KL ablation,0,138,150,0.92,0.6881391406059265,0.008879045024514198,,0.0010671092895790935,0.06222551688551903
leash_kl001,weak-KL ablation,0,139,150,0.9266666666666666,0.6421341300010681,0.009553341194987297,-0.0040587810799479485,0.0014148274203762412,0.057570409029722214
leash_kl001,weak-KL ablation,0,140,150,0.9333333333333333,0.6209270358085632,0.008523637428879738,,0.0010055304737761617,0.042848214507102966
leash_kl001,weak-KL ablation,0,141,150,0.94,0.6665106415748596,0.009342181496322155,,0.0011864742264151573,0.0443299263715744
leash_kl001,weak-KL ablation,0,142,150,0.9466666666666667,0.6769034266471863,0.009515705518424511,,0.0012008128687739372,0.05857034772634506
leash_kl001,weak-KL ablation,0,143,150,0.9533333333333334,0.634894073009491,0.009289718233048916,,0.00201380904763937,0.04643848538398743
leash_kl001,weak-KL ablation,0,144,150,0.96,0.7086751461029053,0.009852327406406403,,0.0012802730780094862,0.04821575805544853
leash_kl001,weak-KL ablation,0,145,150,0.9666666666666667,0.6497402787208557,0.00814238004386425,0.028460845351219177,0.0009228497510775924,0.05093635246157646
leash_kl001,weak-KL ablation,0,146,150,0.9733333333333334,0.667575478553772,0.007962506264448166,,0.0008825346594676375,0.0676473081111908
leash_kl001,weak-KL ablation,0,147,150,0.98,0.6585888862609863,0.00796994473785162,,0.0010903936345130205,0.058967553079128265
leash_kl001,weak-KL ablation,0,148,150,0.9866666666666667,0.7066212296485901,0.007444745860993862,,0.0008590142824687064,0.05866844207048416
leash_kl001,weak-KL ablation,0,149,150,0.9933333333333333,0.671251118183136,0.008328228257596493,,0.001348228077404201,0.062112197279930115
leash_kl001,weak-KL ablation,0,150,150,1.0,0.6577479839324951,0.010402116924524307,,0.0007241129642352462,0.06731829047203064
leash_kl001,weak-KL ablation,0,150,150,1.0,,,,,
